"AANGEBODEN_OPLEIDINGCODE","OPLEIDINGCODE","ONDERWIJSAANBIEDERCODE","ONDERWIJSLOCATIECODE","STARTDATUM","OPHEFFINGSDATUM","TOEGANKELIJKHEID","TOELATINGSEISEN","BEGINDATUM_PERIODE","EINDDATUM_PERIODE","EIGEN_INTERNATIONALE_NAAM","EIGEN_NAAM","EIGEN_AANGEBODEN_OPLEIDING_SLEUTEL"
"0d0064c8-771d-4930-9899-5f27b5f9de5d","5321","100A031","100X523",2019-08-01,,"ALL","NEE",2019-08-01,,,"HAVO",
"6e0e9c1a-08fa-4b63-88ce-4b4dd8b68cd9","5421","100A031","100X523",2019-08-01,,"ALL","NEE",2019-08-01,,,"VMBO TL",
"183e6d34-e1be-4459-92f5-494a344b69d5","5121","100A031","100X523",2019-08-01,,"ALL","NEE",2019-08-01,,,"VWO",
"400dccfa-2496-41c3-bf68-953f33f7cd6d","5421","100A031","100X524",2019-08-01,,"ALL","NEE",2019-08-01,,,"VMBO TL",
"3ecfcf7e-1c20-420e-9d9d-3d43260e2d1e","5321","100A031","100X524",2019-08-01,,"ALL","NEE",2019-08-01,,,"HAVO",
"962ea2d6-1723-4dfe-b218-23cf41ee602e","5121","100A031","100X524",2019-08-01,,"ALL","NEE",2019-08-01,,,"VWO",
"d003a0dc-f415-4796-8b9d-641369b3093f","5421","100A031","100X525",2019-08-01,,"ALL","NEE",2019-08-01,,,"VMBO TL",
"c9c07499-7e44-45f3-b2fc-5321b1266289","5321","100A031","100X525",2019-08-01,,"ALL","NEE",2019-08-01,,,"HAVO",
"6fedfa09-b318-4f26-8932-50f177008064","5121","100A031","100X525",2019-08-01,,"ALL","NEE",2019-08-01,,,"VWO",
"5c068e47-2f67-4cb6-9df9-7c0ddb040d57","5490","100A031","100X525",2019-08-01,,"ALL","NEE",2019-08-01,,,"ISK (VAVO)",
"63b2e751-4a53-4c5c-b987-2ba79c68f3fb","5121","100A236","100X790",2012-08-01,,"ALL","NEE",2012-08-01,,,"ATH zonder profiel",
"e350dd22-2a24-4cf8-83a2-af1ae5ba02f0","5170","100A236","100X790",2012-08-01,,"ALL","NEE",2012-08-01,,,"ATH Natuur en Techniek",
"d36af63b-5ce5-49c9-a06b-bfc994ab318e","5170","100A236","100X790",2012-08-01,,"ALL","NEE",2012-08-01,,,"ATH Natuur en Techniek",
"6c5c23e4-6c07-418a-82ce-52fe6f71825d","5170","100A236","100X790",2012-08-01,,"ALL","NEE",2012-08-01,,,"ATH Natuur en Techniek",
"a5624165-ad7c-453d-9f08-dcb4dbae914c","5171","100A236","100X790",2012-08-01,,"ALL","NEE",2012-08-01,,,"ATH Natuur en Gezondheid",
"ff6bf497-f4df-40c3-bd3e-3fa8f392a538","5171","100A236","100X790",2012-08-01,,"ALL","NEE",2012-08-01,,,"ATH Natuur en Gezondheid",
"87a21b3a-1b73-49c7-8f84-ef667aaf3a61","5171","100A236","100X790",2012-08-01,,"ALL","NEE",2012-08-01,,,"ATH Natuur en Gezondheid",
"13560cc4-bb7f-4e8f-b9ba-e7642b37bfe0","5172","100A236","100X790",2012-08-01,,"ALL","NEE",2012-08-01,,,"ATH Economie en Maatschappij",
"ccdfc84d-e099-43cf-92fd-641b61f3c020","5172","100A236","100X790",2012-08-01,,"ALL","NEE",2012-08-01,,,"ATH Economie en Maatschappij",
"7843db01-4a44-4b67-9814-82862e92ba11","5172","100A236","100X790",2012-08-01,,"ALL","NEE",2012-08-01,,,"ATH Economie en Maatschappij",
"387032d8-27c6-4252-ba5a-48f6bd85a173","5173","100A236","100X790",2012-08-01,,"ALL","NEE",2012-08-01,,,"ATH Cultuur en Maatschappij",
"d44d8700-7000-480a-8a8c-c58751eeb072","5173","100A236","100X790",2012-08-01,,"ALL","NEE",2012-08-01,,,"ATH Cultuur en Maatschappij",
"47aa4794-8509-4d7b-91cc-e6ff681ac4da","5270","100A236","100X790",2012-08-01,,"ALL","NEE",2012-08-01,,,"GYM Natuur en Techniek",
"19117cbf-c3d1-4d7d-82f6-a64e05d6e198","5270","100A236","100X790",2012-08-01,,"ALL","NEE",2012-08-01,,,"GYM Natuur en Techniek",
"34b5ea18-8012-4cc1-ae33-5114abb9ef5a","5271","100A236","100X790",2012-08-01,,"ALL","NEE",2012-08-01,,,"GYM Natuur en Gezondheid",
"b74e8a2b-d5f7-4b08-802e-505cfce88aee","5271","100A236","100X790",2012-08-01,,"ALL","NEE",2012-08-01,,,"GYM Natuur en Gezondheid",
"a64a049d-60bb-4777-a3d6-de9c3eebef4c","5272","100A236","100X790",2012-08-01,,"ALL","NEE",2012-08-01,,,"GYM Economie en Maatschappij",
"463970c8-3de6-4467-93e7-66bdaefb9b0b","5272","100A236","100X790",2012-08-01,,"ALL","NEE",2012-08-01,,,"GYM Economie en Maatschappij",
"e9227b19-0307-4ca7-b2e7-d8cdd59cd7de","5273","100A236","100X790",2012-08-01,,"ALL","NEE",2012-08-01,,,"GYM Cultuur en Maatschappij",
"1f76f114-35ce-40d7-838c-246a92855b6a","5273","100A236","100X790",2012-08-01,,"ALL","NEE",2012-08-01,,,"GYM Cultuur en Maatschappij",
"61d4326a-ca85-40c4-965c-b595c05ca18d","5321","100A236","100X790",2012-08-01,,"ALL","NEE",2012-08-01,,,"HAVO zonder profiel",
"69af01a6-099f-4de6-9bbe-d8f4dd88562a","5321","100A236","100X790",2012-08-01,,"ALL","NEE",2012-08-01,,,"HAVO zonder profiel",
"c0231aac-662d-424e-9422-e045e4c21524","5370","100A236","100X790",2012-08-01,,"ALL","NEE",2012-08-01,,,"HAVO Natuur en Techniek",
"e25e90bf-9bdd-4a5f-bd26-a4218291cb91","5370","100A236","100X790",2012-08-01,,"ALL","NEE",2012-08-01,,,"HAVO Natuur en Techniek",
"289508aa-5a70-494f-8b79-bf60360f21a7","5371","100A236","100X790",2012-08-01,,"ALL","NEE",2012-08-01,,,"HAVO Natuur en Gezondheid",
"afa35bb8-1c86-4ed1-aaed-6866bef58831","5371","100A236","100X790",2012-08-01,,"ALL","NEE",2012-08-01,,,"HAVO Natuur en Gezondheid",
"30832066-7eb9-44f5-92bb-3cea6b4d35a6","5372","100A236","100X790",2012-08-01,,"ALL","NEE",2012-08-01,,,"HAVO Economie en Maatschappij",
"edda1a5e-643e-4100-a1b8-26a233dcdf07","5372","100A236","100X790",2012-08-01,,"ALL","NEE",2012-08-01,,,"HAVO Economie en Maatschappij",
"fb05efd6-7536-4b83-9719-02f1730987e9","5373","100A236","100X790",2012-08-01,,"ALL","NEE",2012-08-01,,,"HAVO Cultuur en Maatschappij",
"ce086e66-4bb7-4124-a42e-b79c86f625fb","5373","100A236","100X790",2012-08-01,,"ALL","NEE",2012-08-01,,,"HAVO Cultuur en Maatschappij",
"0042e8ea-923e-42c3-8285-5219ea221ada","5121","100A236","100X790",2013-08-01,,"ALL","NEE",2013-08-01,,,"ATH zonder profiel",
"6bad8765-9d08-4660-9c59-2950302f4e91","5374","100A236","100X790",2013-08-01,,"ALL","NEE",2013-08-01,,,"HAVO Natuur/Techniek & Natuur/Gezondheid",
"a6aa5413-bd38-4d6e-a6bd-d33a9b7553d2","5374","100A236","100X790",2013-08-01,,"ALL","NEE",2013-08-01,,,"HAVO Natuur/Techniek & Natuur/Gezondheid",
"e506421f-2f42-473d-b9f6-93d17423863c","5375","100A236","100X790",2013-08-01,,"ALL","NEE",2013-08-01,,,"HAVO Natuur/Techniek & Economie/Maatschappij",
"e4fc8d8f-1557-4272-b5c4-a22667d832f1","5375","100A236","100X790",2013-08-01,,"ALL","NEE",2013-08-01,,,"HAVO Natuur/Techniek & Economie/Maatschappij",
"e2e71fbd-900f-4a70-9bc7-a26ab62eecf4","5376","100A236","100X790",2013-08-01,,"ALL","NEE",2013-08-01,,,"HAVO Natuur/Techniek & Cultuur/Maatschappij",
"95534896-e70b-4409-8925-c11f374ae54e","5376","100A236","100X790",2013-08-01,,"ALL","NEE",2013-08-01,,,"HAVO Natuur/Techniek & Cultuur/Maatschappij",
"93a98111-5dad-4f34-bf1f-a28c489ac275","5377","100A236","100X790",2013-08-01,,"ALL","NEE",2013-08-01,,,"HAVO Natuur/Gezondheid & Cultuur/Maatschappij",
"58e522ff-2935-413a-b230-33e337a2c856","5377","100A236","100X790",2013-08-01,,"ALL","NEE",2013-08-01,,,"HAVO Natuur/Gezondheid & Cultuur/Maatschappij",
"c50b7dd9-d3fb-4155-9d6c-cc52aad5b0dd","5378","100A236","100X790",2013-08-01,,"ALL","NEE",2013-08-01,,,"HAVO Natuur/Gezondheid & Economie/Maatschappij",
"f9fe90ee-6ea6-4c2c-ba68-9ca3fe4aa9a2","5378","100A236","100X790",2013-08-01,,"ALL","NEE",2013-08-01,,,"HAVO Natuur/Gezondheid & Economie/Maatschappij",
"f1871eac-4ca3-4ed7-975c-5d9c9215888d","5379","100A236","100X790",2013-08-01,,"ALL","NEE",2013-08-01,,,"HAVO Economie/Maatschappij & Cultuur/Maatschappij",
"c794f2f1-45e6-491d-ac4b-c9a49a970d4f","5379","100A236","100X790",2013-08-01,,"ALL","NEE",2013-08-01,,,"HAVO Economie/Maatschappij & Cultuur/Maatschappij",
"e9a1c3a1-31ed-47c6-9676-9e03c85ef51d","5390","100A236","100X790",2017-01-01,,"ALL","NEE",2017-01-01,,,"HAVO voorexamenklas",
"f7d9d6ba-a044-443f-b763-fb913c9b0fd1","5390","100A236","100X790",2017-01-01,,"ALL","NEE",2017-01-01,,,"HAVO voorexamenklas",
"ff6cb513-0f65-4f45-829b-74601c4e6169","5100","100A262","100X831",2020-08-01,,"ALL","NEE",2020-08-01,,,,
"68598d75-7eef-4892-be34-23a5bb39a7fc","5421","100A318","100X880",2019-08-01,2020-07-31,"ALL","NEE",2019-08-01,2020-07-31,,"VMBO_t eenjarig",
"013c4290-4204-428f-bf68-58d07dbad57f","5100","100A318","100X880",2019-08-01,2020-07-31,"ALL","NEE",2019-08-01,2020-07-31,,"VWO eenjarig",
"f2192804-e6e8-4fb1-b75d-1b31d7f4865e","5321","100A318","100X880",2019-08-01,2020-07-31,"ALL","NEE",2019-08-01,2020-07-31,,"HAVO eenjarig",
"76e2e524-6422-42a5-912f-86e600df4211","5170","100A613","101X244",2019-08-01,,"ALL","NEE",2019-08-01,,,"VAVO ATH NW Prf Nat/Tech",
"2a4b7cd9-11a4-44c4-820d-4fbedcb7f4d9","5171","100A613","101X244",2019-08-01,,"ALL","NEE",2019-08-01,,,"VAVO ATH NW Prf Nat/Gezond",
"37912443-149b-4a9e-b81c-496d48cf549a","5270","100A613","101X244",2019-08-01,,"ALL","NEE",2019-08-01,,,"VAVO GYM NW Prf Nat/Tech",
"72542088-e014-4eda-a63f-8990c819babd","5271","100A613","101X244",2019-08-01,,"ALL","NEE",2019-08-01,,,"VAVO GYM NW Prf Nat/Gezond",
"4691aed8-99a1-404d-ae96-c76c9d220869","5370","100A613","101X244",2019-08-01,,"ALL","NEE",2019-08-01,,,"VAVO HAVO NW Prf Natuur/Tech",
"a6bc9ac4-883a-4b04-9f39-b4c929c24d6b","5371","100A613","101X244",2019-08-01,,"ALL","NEE",2019-08-01,,,"VAVO HAVO NW Prf Nat/Gezond",
"7cb1b3ef-936d-47ce-bf32-b2e6aed7d1c8","5372","100A613","101X244",2019-08-01,,"ALL","NEE",2019-08-01,,,"VAVO HAVO NW Prf Ec/Maat",
"20e46d0a-55d7-4b37-868f-dfaa213958e6","5373","100A613","101X244",2019-08-01,,"ALL","NEE",2019-08-01,,,"VAVO HAVO NW Prf Cul/Maat",
"c4064342-3299-4e2d-90ab-6a0307b60a72","5272","100A613","101X244",2019-08-01,,"ALL","NEE",2019-08-01,,,"VAVO-GYM NW Prf Ec/Maat",
"beec287d-13f0-44c6-a27f-2565325a0f10","5273","100A613","101X244",2019-08-01,,"ALL","NEE",2019-08-01,,,"VAVO-GYM NW Prf Cul/Maat",
"e3d4f1e0-3329-4613-9893-44d97aaf79ec","5172","100A613","101X244",2019-08-01,,"ALL","NEE",2019-08-01,,,"VAVO-ATH NW Prf Ec/Maat",
"bbc01469-402a-4461-9020-9b681382df96","5173","100A613","101X244",2019-08-01,,"ALL","NEE",2019-08-01,,,"VAVO-ATH NW Prf Cul/Maat",
"8e4d826f-092e-4882-bc5d-3d37b54d1890","5450","100A613","101X244",2019-08-01,,"ALL","NEE",2019-08-01,,,"VAVO MAVO/Theor Lw-Profiel Techniek",
"77898efa-99d9-4141-b7f3-ea1798efab89","5451","100A613","101X244",2019-08-01,,"ALL","NEE",2019-08-01,,,"VAVO MAVO/Theor Lw-Profiel Zorg en Welzijn",
"932018a4-d056-49ec-a697-ce01d9843494","5452","100A613","101X244",2019-08-01,,"ALL","NEE",2019-08-01,,,"VAVO MAVO/Theor Lw-Profiel Economie",
"662139db-c8ea-46fb-b499-1939b1fe0c53","5453","100A613","101X244",2019-08-01,,"ALL","NEE",2019-08-01,,,"VAVO MAVO/Theor Lw-Profiel Landbouw",
"3e2e83f6-e58a-43ce-b90e-10a079e3ba0d","5400","100A649","101X324",2004-08-01,2020-07-31,"ALL","NEE",2004-08-01,2020-07-31,,"VMBO Theoretische Leerweg",
"515b7119-152d-4003-976b-e26c4734cbca","5321","100A649","101X324",2008-08-01,,"ALL","NEE",2008-08-01,,,"HAVO zonder profiel",
"ff719eb7-d73d-4cff-a6bb-208f0b3e6efb","5370","100A649","101X324",2008-08-01,,"ALL","NEE",2008-08-01,,,"HAVO Profiel Natuur en Techniek",
"d656e14c-4eac-4e0a-8bcd-6cc1c26ac871","5371","100A649","101X324",2008-08-01,,"ALL","NEE",2008-08-01,,,"HAVO Profiel Natuur en Gezondheid",
"e80703c9-6d72-419e-b272-111188a02fdf","5372","100A649","101X324",2008-08-01,,"ALL","NEE",2008-08-01,,,"HAVO Profiel Economie en Maatschappij",
"28536652-1f64-4cd9-9924-03fae06ca649","5373","100A649","101X324",2008-08-01,,"ALL","NEE",2008-08-01,,,"HAVO Profiel Cultuur en Maatschappij",
"af90de25-b0e0-40f3-a6e5-b47f9a9d9e10","5121","100A649","101X324",2010-08-01,,"ALL","NEE",2010-08-01,,,"Atheneum zonder profiel",
"b455308e-2894-43d1-9b8c-f9e6407c582c","5170","100A649","101X324",2010-08-01,,"ALL","NEE",2010-08-01,,,"Atheneum Profiel Natuur en Techniek",
"017da089-6828-4c27-bf42-4e84afb450e6","5171","100A649","101X324",2010-08-01,,"ALL","NEE",2010-08-01,,,"Atheneum Profiel Natuur en Gezondheid",
"a543677c-d6f6-40c3-a34e-2431c6564ae2","5172","100A649","101X324",2010-08-01,,"ALL","NEE",2010-08-01,,,"Atheneum Profiel Economie en Maatschappij",
"b3a1dd19-6fe1-40ea-96de-43736f52481c","5173","100A649","101X324",2010-08-01,,"ALL","NEE",2010-08-01,,,"Atheneum Profiel Cultuur en Maatschappij",
"053b67d4-a8ab-4fc8-adc9-e714dd34efa2","5270","100A649","101X324",2010-08-01,,"ALL","NEE",2010-08-01,,,"Gymnasium Profiel Natuur en Techniek",
"f65ebc33-08a3-46f2-9672-ab8ebf9d83c0","5271","100A649","101X324",2010-08-01,,"ALL","NEE",2010-08-01,,,"Gymnasium Profiel Natuur en Gezondheid",
"db8fa60f-7bd0-4e95-9868-6fe09a4e77d0","5272","100A649","101X324",2010-08-01,,"ALL","NEE",2010-08-01,,,"Gymnasium Profiel Economie en Maatschappij",
"cc842053-9d74-40c1-b380-d9c866f9a951","5273","100A649","101X324",2010-08-01,,"ALL","NEE",2010-08-01,,,"Gymnasium Profiel Cultuur en Maatschappij",
"f2474c25-b87e-4ab5-a4ca-7bb6cdfdd1d4","5390","100A649","101X324",2017-08-01,,"ALL","NEE",2017-08-01,,,"VAVO HAVO voorexamenklas",
"72094a77-df7b-4b3a-bdfd-3360bd4f08b3","5450","100A649","101X324",2017-08-01,,"ALL","NEE",2017-08-01,,,"VMBO Theoretische Leerweg Techniek",
"b52064a4-4193-429d-b68a-40107715f7bc","5451","100A649","101X324",2017-08-01,,"ALL","NEE",2017-08-01,,,"VMBO Theoretische Leerweg Zorg en Welzijn",
"e2affb30-a711-4f23-89ce-da4c5f729c39","5452","100A649","101X324",2017-08-01,,"ALL","NEE",2017-08-01,,,"VMBO Theoretische Leerweg Economie",
"4ce7eed5-e0aa-48ca-9d33-48ae3ad3521d","5453","100A649","101X324",2017-08-01,,"ALL","NEE",2017-08-01,,,"VMBO Theoretische Leerweg Landbouw",
"4b96a29e-ee2c-416d-b66c-62982f6b2f12","5421","100A649","101X324",2019-08-01,,"ALL","NEE",2019-08-01,,,"VMBO zonder profiel",
"1f30adc4-d422-4e39-b61c-1b8addf164dc","5121","100A989","101X694",2019-08-01,,"ALL","NEE",2019-08-01,,,"VAVO ATH zonder profiel",
"248185f6-eca3-4d27-8a8e-6519d8e564c5","5170","100A989","101X694",2019-08-01,,"ALL","NEE",2019-08-01,,,"VAVO ATH NW Prf Nat/Tech",
"3d01ebdd-31f3-41a1-a097-72ba3ecd1b5b","5171","100A989","101X694",2019-08-01,,"ALL","NEE",2019-08-01,,,"VAVO ATH NW Prf Nat/Gezond",
"eedfead9-2179-41dd-b940-7e18e62a0f03","5172","100A989","101X694",2019-08-01,,"ALL","NEE",2019-08-01,,,"VAVO ATH NW Prf Ec/Maat",
"7319f039-8417-4ab6-b9df-7440782c19b0","5173","100A989","101X694",2019-08-01,,"ALL","NEE",2019-08-01,,,"VAVO ATH NW Prf Cul/Maat",
"d84bb05c-2a88-402e-bdcf-81bc9252a815","5270","100A989","101X694",2019-08-01,,"ALL","NEE",2019-08-01,,,"VAVO GYM NW Prf Nat/Tech",
"51cc3f8d-9928-4d7e-9806-6d220ee4be8e","5271","100A989","101X694",2019-08-01,,"ALL","NEE",2019-08-01,,,"VAVO GYM NW Prf Nat/Gezond",
"1dba8914-d98d-4016-9359-ba6517e8e3ec","5272","100A989","101X694",2019-08-01,,"ALL","NEE",2019-08-01,,,"VAVO GYM NW Prf Ec/Maat",
"44f1c3b9-4a52-484f-b58a-569b6674c81f","5273","100A989","101X694",2019-08-01,,"ALL","NEE",2019-08-01,,,"VAVO GYM NW Prf Cul/Maat",
"c29cde94-8231-4024-b4b4-54ecf958daa3","5321","100A989","101X694",2019-08-01,,"ALL","NEE",2019-08-01,,,"VAVO HAVO zonder profiel",
"dd94e227-8e0e-4d13-b62c-17ab79463316","5370","100A989","101X694",2019-08-01,,"ALL","NEE",2019-08-01,,,"VAVO HAVO NW Prf Nat/Tech",
"e65ad4a4-beb7-4f42-ba2a-7359dc25dce0","5371","100A989","101X694",2019-08-01,,"ALL","NEE",2019-08-01,,,"VAVO HAVO NW Prf Nat/Gezond",
"8194f16f-2cb5-44b6-ab76-4087866da46f","5372","100A989","101X694",2019-08-01,,"ALL","NEE",2019-08-01,,,"VAVO HAVO NW Prf Ec/Maat",
"d10731b4-a430-4fab-97bd-7828887f2a96","5373","100A989","101X694",2019-08-01,,"ALL","NEE",2019-08-01,,,"VAVO HAVO NW Prf Cul/Maat",
"c92b8e7e-be65-46bc-9e7d-d29f5a602d9f","5450","100A989","101X694",2019-08-01,,"ALL","NEE",2019-08-01,,,"VAVO MAVO/Theor Lw-Profiel Techniek",
"d7a3b20c-bbad-469c-a496-ab6d41379bbe","5451","100A989","101X694",2019-08-01,,"ALL","NEE",2019-08-01,,,"VAVO MAVO/Theor Lw-Profiel Zorg en Welzijn",
"b05cf8f2-0891-4633-adda-f1f834220903","5452","100A989","101X694",2019-08-01,,"ALL","NEE",2019-08-01,,,"VAVO MAVO/Theor Lw-Profiel Economie",
"b890feb8-6095-4a55-89c3-89a36a5aa066","5453","100A989","101X694",2019-08-01,,"ALL","NEE",2019-08-01,,,"VAVO MAVO/Theor Lw-Profiel Landbouw",
"bb9603a1-31be-4a1d-b88c-3f8a2cee2f0d","5421","100A989","101X694",2019-08-01,,"ALL","NEE",2019-08-01,,,"VAVO MAVO Theor Lw zonder profiel",
"0339ba84-cc21-40c5-9c8f-bbb2fa4190d2","5400","101A100","101X789",2019-08-01,,"ALL","NEE",2019-08-01,,,"VMBO-TL (Mavo)",
"110af4d2-1e00-43e0-8ef3-0291820c8130","5300","101A100","101X789",2019-08-01,,"ALL","NEE",2019-08-01,,,"HAVO",
"1e922f2a-1deb-48fd-a1ca-a2cde7df0e4d","5200","101A100","101X789",2019-08-01,,"ALL","NEE",2019-08-01,,,"VWO",
"a6cde189-1f06-4d7c-9394-9993a79b0cca","5370","101A119","101X268",2019-08-01,,"ALL","NEE",2019-08-01,,,"VAVO HAVO NW Prf Nat/Tech",
"a72a9eed-c6c8-4859-8c5c-f9bc4bd43c82","5371","101A119","101X268",2019-08-01,,"ALL","NEE",2019-08-01,,,"VAVO HAVO NW Prf Nat/Gezond",
"8a719c61-07c2-4a8b-a3d0-3d44fc77d716","5372","101A119","101X268",2019-08-01,,"ALL","NEE",2019-08-01,,,"VAVO HAVO NW Prf Ec/Maat",
"a24bce09-1ea9-4957-a3a0-b92985a88169","5373","101A119","101X268",2019-08-01,,"ALL","NEE",2019-08-01,,,"VAVO HAVO NW Prf Cul/Maat",
"fa6a8380-c065-47b4-b625-d969758906df","5170","101A119","101X268",2019-08-01,,"ALL","NEE",2019-08-01,,,"VAVO ATH NW Prf Nat/Tech",
"b8c988f9-c18c-4b92-b813-c3c7fe0605fc","5171","101A119","101X268",2019-08-01,,"ALL","NEE",2019-08-01,,,"VAVO ATH NW Prf Nat/Gezond",
"75b62cd9-1adf-4105-a120-8880c739472c","5172","101A119","101X268",2019-08-01,,"ALL","NEE",2019-08-01,,,"VAVO ATH NW Prf Ec/Maat",
"079dbdc7-fdc9-4864-aa0d-7632bc720b2f","5173","101A119","101X268",2019-08-01,,"ALL","NEE",2019-08-01,,,"VAVO ATH NW Prf Cul/Maat",
"e0de9da5-0bf3-4f35-a287-87e13795708d","5270","101A119","101X268",2019-08-01,,"ALL","NEE",2019-08-01,,,"VAVO GYM NW Prf Nat/Tech",
"f15ccce9-d810-4308-8729-3a93511c4435","5271","101A119","101X268",2019-08-01,,"ALL","NEE",2019-08-01,,,"VAVO GYM NW Prf Nat/Gezond",
"0c2fa751-2025-41df-bf42-fcf1c5fc8b05","5272","101A119","101X268",2019-08-01,,"ALL","NEE",2019-08-01,,,"VAVO GYM NW Prf Ec/Maat",
"7bde639d-1a00-4958-b361-d86e1c36a3d2","5273","101A119","101X268",2019-08-01,,"ALL","NEE",2019-08-01,,,"VAVO GYM NW Prf Cul/Maat",
"56aa74dc-f6ca-4ec8-8c2b-bb5d19637e77","5450","101A119","101X268",2019-08-01,,"ALL","NEE",2019-08-01,,,"VAVO MAVO/Theor Lw-Profiel Techniek",
"c825d87f-486d-49f8-a890-589ce9c6e0ae","5451","101A119","101X268",2019-08-01,,"ALL","NEE",2019-08-01,,,"VAVO MAVO/Theor Lw-Profiel Zorg en Welzijn",
"b228b6b5-2e77-4fd0-8688-55ff7637f146","5452","101A119","101X268",2019-08-01,,"ALL","NEE",2019-08-01,,,"VAVO MAVO/Theor Lw-Profiel Economie",
"d96bd4eb-13e9-4261-b165-599c797fe740","5453","101A119","101X268",2019-08-01,,"ALL","NEE",2019-08-01,,,"VAVO MAVO/Theor Lw-Profiel Landbouw",
"f64574d1-c5f0-463d-a554-2a6145757862","5221","101A119","101X268",2019-08-01,,"ALL","NEE",2019-08-01,,,"VAVO GYM zonder profiel",
"7290d7b7-7dfd-4180-b7a3-b6880b710e7d","5121","101A119","101X268",2019-08-01,,"ALL","NEE",2019-08-01,,,"VAVO ATH zonder profiel",
"a8cc6aad-917e-42a0-b802-cd74b3c73e4d","5321","101A119","101X268",2019-08-01,,"ALL","NEE",2019-08-01,,,"VAVO HAVO zonder profiel",
"461182ef-cece-4958-82db-5a2c118561fd","5370","101A121","101X266",2019-08-01,,"ALL","NEE",2019-08-01,,,"VAVO HAVO NW Prf Nat/Tech",
"2a488140-ed60-4b66-9bf3-cc4616281b40","5371","101A121","101X266",2019-08-01,,"ALL","NEE",2019-08-01,,,"VAVO HAVO NW Prf Nat/Gezond",
"4385d3a4-98cc-429e-8aeb-2da28118a97b","5372","101A121","101X266",2019-08-01,,"ALL","NEE",2019-08-01,,,"VAVO HAVO NW Prf Ec/Maat",
"3565e4d1-d05a-43c6-935a-3b7681d6bc57","5373","101A121","101X266",2019-08-01,,"ALL","NEE",2019-08-01,,,"VAVO HAVO NW Prf Cul/Maat",
"393d7c3e-ef52-4513-a373-82d0faf31bda","5170","101A121","101X266",2019-08-01,,"ALL","NEE",2019-08-01,,,"VAVO ATH NW Prf Nat/Tech",
"8fb05f62-d212-4d35-8a1d-6c6948de8498","5171","101A121","101X266",2019-08-01,,"ALL","NEE",2019-08-01,,,"VAVO ATH NW Prf Nat/Gezond",
"cd7bcb84-a0e2-4c51-9589-a6dd48b6bc65","5172","101A121","101X266",2019-08-01,,"ALL","NEE",2019-08-01,,,"VAVO ATH NW Prf Ec/Maat",
"bb6c2f50-fa5e-4b08-ac53-74c71c52d6b4","5173","101A121","101X266",2019-08-01,,"ALL","NEE",2019-08-01,,,"VAVO ATH NW Prf Cul/Maat",
"7eb9fda6-5023-4298-a859-01555efc387c","5450","101A121","101X266",2019-08-01,,"ALL","NEE",2019-08-01,,,"VAVO MAVO/Theor Lw-Profiel Techniek",
"fcc71caa-11bd-42d3-8f4b-e81b2b02ea23","5451","101A121","101X266",2019-08-01,,"ALL","NEE",2019-08-01,,,"VAVO MAVO/Theor Lw-Profiel Zorg en Welzijn",
"60f62099-1065-4bb4-b2f0-e9f18ecb2837","5452","101A121","101X266",2019-08-01,,"ALL","NEE",2019-08-01,,,"VAVO MAVO/Theor Lw-Profiel Economie",
"f77ead59-189e-4290-9ccc-7df3150fd819","5453","101A121","101X266",2019-08-01,,"ALL","NEE",2019-08-01,,,"VAVO MAVO/Theor Lw-Profiel Landbouw",
"d83b48f3-88a5-4112-ba8e-d693dd2ff886","5321","101A121","101X266",2019-08-01,,"ALL","NEE",2019-08-01,,,"VAVO HAVO zonder profiel",
"449c55c8-631e-4b08-93cc-1007b8134caa","5121","101A121","101X266",2019-08-01,,"ALL","NEE",2019-08-01,,,"VAVO ATH zonder profiel",
"c78e8c04-ae50-4036-b88d-4efc052d3da4","5153","101A618","102X138",1996-01-01,,"ALL","NEE",1996-01-01,,,,
"c67d1ba1-c5da-426d-862f-26ef7afafc6a","5190","101A618","102X138",1996-01-01,,"ALL","NEE",1996-01-01,,,,
"10c3eea8-003b-444e-a08d-33c85a8b5334","5200","101A618","102X138",1996-01-01,,"ALL","NEE",1996-01-01,,,,
"26b58122-e3fe-41cf-9c16-af8e20cbbf8a","5221","101A618","102X138",1996-01-01,,"ALL","NEE",1996-01-01,,,,
"8d0419e3-09cf-48d3-a5b4-d02682aa9e62","5250","101A618","102X138",1996-01-01,,"ALL","NEE",1996-01-01,,,,
"010c4705-99d7-47bb-86d3-94f880b89e7e","5252","101A618","102X138",1996-01-01,,"ALL","NEE",1996-01-01,,,,
"e7b28c09-911f-4f80-911f-eaacde0b70b5","5251","101A618","102X138",1996-01-01,,"ALL","NEE",1996-01-01,,,,
"892ed4f8-92b8-43ae-b913-164910085dc7","5253","101A618","102X138",1996-01-01,,"ALL","NEE",1996-01-01,,,,
"3b016362-1308-4e67-9a73-373672a8844a","5270","101A618","102X138",1996-01-01,,"ALL","NEE",1996-01-01,,,,
"263531bd-9822-4a90-9e2c-1103b705d71c","5271","101A618","102X138",1996-01-01,,"ALL","NEE",1996-01-01,,,,
"fef10672-1da7-496a-9032-61abae4ababd","5272","101A618","102X138",1996-01-01,,"ALL","NEE",1996-01-01,,,,
"ee1ea4a7-553c-41eb-9ef7-bf3cd0e2b209","5273","101A618","102X138",1996-01-01,,"ALL","NEE",1996-01-01,,,,
"35813f6a-b6bb-4150-84ab-b8baa8808ab1","5290","101A618","102X138",1996-01-01,,"ALL","NEE",1996-01-01,,,,
"64915323-b7c0-4339-b34e-c1bd47603b46","5300","101A618","102X138",1996-01-01,,"ALL","NEE",1996-01-01,,,,
"cdb88902-1a70-4275-994c-a81612b72ed7","5321","101A618","102X138",1996-01-01,,"ALL","NEE",1996-01-01,,,,
"e60e7c0b-234a-4704-9c54-b3cb97d26413","5350","101A618","102X138",1996-01-01,,"ALL","NEE",1996-01-01,,,,
"c1ec82f6-837f-4060-8153-192a5c9e15d9","5351","101A618","102X138",1996-01-01,,"ALL","NEE",1996-01-01,,,,
"e0fe4706-6938-4616-8abb-86c96dbb8e19","5352","101A618","102X138",1996-01-01,,"ALL","NEE",1996-01-01,,,,
"1df26343-d659-48f0-b39e-08c7a24395aa","5353","101A618","102X138",1996-01-01,,"ALL","NEE",1996-01-01,,,,
"478a12d1-6a78-4651-aec3-e3eec50cdcbf","5370","101A618","102X138",1996-01-01,,"ALL","NEE",1996-01-01,,,,
"465ddb5a-a2ed-4ef8-81fd-19d131369b9b","5371","101A618","102X138",1996-01-01,,"ALL","NEE",1996-01-01,,,,
"21b73a87-0718-476a-b3ba-838809da1e87","5372","101A618","102X138",1996-01-01,,"ALL","NEE",1996-01-01,,,,
"1b05a365-ad3b-43af-968d-6652f709cc8b","5373","101A618","102X138",1996-01-01,,"ALL","NEE",1996-01-01,,,,
"f72b98a5-a949-49e8-8ed5-0c1a0188b98e","5374","101A618","102X138",1996-01-01,,"ALL","NEE",1996-01-01,,,,
"3f6de3ff-7674-4313-b48d-562701ff6382","5375","101A618","102X138",1996-01-01,2019-08-01,"ALL","NEE",1996-01-01,2019-08-01,,,
"6c3bac8d-7ac2-478a-b8a2-458e5989c5c6","5376","101A618","102X138",1996-01-01,2019-08-01,"ALL","NEE",1996-01-01,2019-08-01,,,
"4c3866c8-07b5-4310-ad61-8497d5d8c72b","5377","101A618","102X138",1996-01-01,2019-08-01,"ALL","NEE",1996-01-01,2019-08-01,,,
"3e48f796-071d-4fc1-b731-65672d9155da","5378","101A618","102X138",1996-01-01,2019-08-01,"ALL","NEE",1996-01-01,2019-08-01,,,
"fd7e2b65-b92d-4826-bf7b-047e848b455c","5379","101A618","102X138",1996-01-01,,"ALL","NEE",1996-01-01,,,,
"3d1aec1c-ef40-4493-9f12-12d48b11a111","5390","101A618","102X138",1996-01-01,,"ALL","NEE",1996-01-01,,,,
"bad89533-b401-44ff-a3d7-3757500b7d6c","5121","101A618","102X138",2018-03-07,,"ALL","NEE",2018-03-07,,,,
"9ede3d30-7176-4791-b8cb-979943da1b10","5170","101A618","102X138",2018-03-07,,"ALL","NEE",2018-03-07,,,,
"1f5e1f9f-1e3a-4f18-a056-ede46bc69d43","5171","101A618","102X138",2018-03-07,,"ALL","NEE",2018-03-07,2020-02-27,,,
"ffce9da3-a89c-4e4c-af45-dda654453e57","5172","101A618","102X138",2018-03-07,,"ALL","NEE",2018-03-07,2020-02-27,,,
"17efe8f1-8236-453f-82fa-f61219ee9c1c","5173","101A618","102X138",2018-03-07,,"ALL","NEE",2018-03-07,2020-02-27,,,
"ff091326-61ad-4c77-a73f-85df947859d0","5100","101A618","102X138",2018-03-07,,"ALL","NEE",2018-03-07,,,,
"30525d4f-c967-44c5-846b-ffd62cfaf17b","5150","101A618","102X138",2018-03-07,,"ALL","NEE",2018-03-07,,,,
"80a56ccf-edb0-4a55-8755-d58dbfea0093","5151","101A618","102X138",2018-03-07,,"ALL","NEE",2018-03-07,,,,
"18952b80-098c-4894-9813-b3eabe9416c9","5152","101A618","102X138",2018-03-07,,"ALL","NEE",2018-03-07,,,,
"1f5e1f9f-1e3a-4f18-a056-ede46bc69d43","5171","101A618","102X138",2018-03-07,,"ALL","NEE",2020-02-27,,,,
"ffce9da3-a89c-4e4c-af45-dda654453e57","5172","101A618","102X138",2018-03-07,,"ALL","NEE",2020-02-27,,,,
"17efe8f1-8236-453f-82fa-f61219ee9c1c","5173","101A618","102X138",2018-03-07,,"ALL","NEE",2020-02-27,,,,
"ca55bde7-da05-4f19-bf0a-26ece28a241f","5121","101A644","102X333",2007-08-01,,"ALL","JA",2007-08-01,,,,
