"OPLEIDINGCODE","OPLEIDINGSOORT","STARTDATUM","OPHEFFINGSDATUM","HERKOMST_OPLEIDING","BEGINDATUM_PERIODE","EINDDATUM_PERIODE","AFKORTING","INTERNATIONALE_NAAM","NAAM","NAAM_LANG","STUDIELAST","STUDIELASTEENHEID","WAARDEDOCUMENTSOORT","WET_EISEND_MINISTERIE","NIVEAU"
"26000","MIDDENKADEROPLEIDING",2017-08-01,,"SBB",2017-08-01,,"26000",,"Allr. coörd.-instr.buitensport","Allround coördinator-instructeur buitensport",6400,"SBU","DIPLOMA",,"MBO-4"
"26001","VAKOPLEIDING",2017-08-01,,"SBB",2017-08-01,,"26001",,"Technicus hout en restauratie","Technicus hout en restauratie",4800,"SBU","DIPLOMA",,"MBO-3"
"26002","MIDDENKADEROPLEIDING",2017-08-01,,"SBB",2017-08-01,,"26002",,"Zorgtechnicus","Zorgtechnicus",6400,"SBU","DIPLOMA",,"MBO-4"
"26003","VAKOPLEIDING",2017-08-01,,"SBB",2017-08-01,,"26003",,"Food professional","Food professional",4800,"SBU","DIPLOMA",,"MBO-3"
"26004","MIDDENKADEROPLEIDING",2017-08-01,,"SBB",2017-08-01,,"26004",,"Food specialist","Food specialist",6400,"SBU","DIPLOMA",,"MBO-4"
"26005","MIDDENKADEROPLEIDING",2017-08-01,,"SBB",2017-08-01,,"26005",,"Midk.funct. smart building","Middenkaderfunctionaris smart building",6400,"SBU","DIPLOMA",,"MBO-4"
"26006","MIDDENKADEROPLEIDING",2017-08-01,,"SBB",2017-08-01,,"26006",,"Midk.funct. smart industry","Middenkaderfunctionaris smart industry",6400,"SBU","DIPLOMA",,"MBO-4"
"26007","BASISBEROEPSOPLEIDING",2017-08-01,,"SBB",2017-08-01,,"26007",,"Servicemedewerker","Servicemedewerker",3200,"SBU","DIPLOMA",,"MBO-2"
"26008","MIDDENKADEROPLEIDING",2017-08-01,,"SBB",2017-08-01,,"26008",,"Leidingg. intern. hospitality","Leidinggevende international hospitality",6400,"SBU","DIPLOMA",,"MBO-4"
"26009","MIDDENKADEROPLEIDING",2017-08-01,,"SBB",2017-08-01,,"26009",,"Adviseur duurzame leefomgeving","Adviseur duurzame leefomgeving",6400,"SBU","DIPLOMA",,"MBO-4"
"26010","MIDDENKADEROPLEIDING",2017-08-01,,"SBB",2017-08-01,,"26010",,"E-commerce Manager","E-commerce Manager",6400,"SBU","DIPLOMA",,"MBO-4"
"26011","VAKOPLEIDING",2018-08-01,,"SBB",2018-08-01,,"26011",,"Vital.beg. in zorg en welzijn","Vitaliteitsbegeleider in zorg en welzijn",4800,"SBU","DIPLOMA",,"MBO-3"
"26012","VAKOPLEIDING",2018-08-01,,"SBB",2018-08-01,,"26012",,"Allround Hospitality Medew.","Allround Hospitality Medewerker",4800,"SBU","DIPLOMA",,"MBO-3"
"26013","MIDDENKADEROPLEIDING",2018-08-01,,"SBB",2018-08-01,,"26013",,"AV-mediatechnoloog","AV-mediatechnoloog",4800,"SBU","DIPLOMA",,"MBO-4"
"26014","MIDDENKADEROPLEIDING",2018-08-01,,"SBB",2018-08-01,,"26014",,"Eventproducer","Eventproducer",6400,"SBU","DIPLOMA",,"MBO-4"
"26015","MIDDENKADEROPLEIDING",2018-08-01,,"SBB",2018-08-01,,"26015",,"Voorman jachtbouw","Voorman jachtbouw",6400,"SBU","DIPLOMA",,"MBO-4"
"26016","MIDDENKADEROPLEIDING",2018-08-01,,"SBB",2018-08-01,,"26016",,"Vakexpert industrieel","Vakexpert industrieel produceren van levensmiddelen",6400,"SBU","DIPLOMA",,"MBO-4"
"26017","BASISBEROEPSOPLEIDING",2019-08-01,,"SBB",2019-08-01,,"26017",,"Keukenmonteur","Keukenmonteur",3200,"SBU","DIPLOMA",,"MBO-2"
"26018","SPECIALISTENOPLEIDING",2019-08-01,,"SBB",2019-08-01,,"26018",,"Pers. begeleider zorgboerderij","Persoonlijk begeleider zorgboerderij",6400,"SBU","DIPLOMA",,"MBO-4"
"26019","VAKOPLEIDING",2019-08-01,,"SBB",2019-08-01,,"26019",,"Business support","Business support",3200,"SBU","DIPLOMA",,"MBO-3"
"26020","MIDDENKADEROPLEIDING",2019-08-01,,"SBB",2019-08-01,,"26020",,"Creatief technoloog","Creatief technoloog",4800,"SBU","DIPLOMA",,"MBO-4"
"26021","VAKOPLEIDING",2019-08-01,,"SBB",2019-08-01,,"26021",,"Beautyprofessional in de zorg","Beautyprofessional in de zorg",3200,"SBU","DIPLOMA",,"MBO-3"
"26022","VAKOPLEIDING",2020-08-01,,"SBB",2020-08-01,,"26022",,"Allround keukenmonteur","Allround keukenmonteur",4800,"SBU","DIPLOMA",,"MBO-3"
"26027","VAKOPLEIDING",2020-08-01,,"SBB",2020-08-01,,"26027",,"Werkbegel. zorgbedr. dierh.","Werkbegeleider zorgbedrijf dierhouderij",4800,"SBU","DIPLOMA",,"MBO-3"
"26028","BASISBEROEPSOPLEIDING",2020-08-01,,"SBB",2020-08-01,,"26028",,"Medewerker food & hospitality","Medewerker food & hospitality",3200,"SBU","DIPLOMA",,"MBO-2"
"26029","MIDDENKADEROPLEIDING",2020-08-01,,"SBB",2020-08-01,,"26029",,"Intern.creativ bus.developer","International creative business developer",6400,"SBU","DIPLOMA",,"MBO-4"
"26023","MIDDENKADEROPLEIDING",2020-08-01,,"SBB",2020-08-01,,"26023",,"Junior business controller","Junior business controller",4800,"SBU","DIPLOMA",,"MBO-4"
"26024","MIDDENKADEROPLEIDING",2020-08-01,,"SBB",2020-08-01,,"26024",,"Voeding- en leefstijladviseur","Voeding- en leefstijladviseur",4800,"SBU","DIPLOMA",,"MBO-4"
"26025","BASISBEROEPSOPLEIDING",2020-08-01,,"SBB",2020-08-01,,"26025",,"Vakman fundering","Vakman fundering",3200,"SBU","DIPLOMA",,"MBO-2"
"26026","MIDDENKADEROPLEIDING",2020-08-01,,"SBB",2020-08-01,,"26026",,"E-commercemanager","E-commercemanager",4800,"SBU","DIPLOMA",,"MBO-4"
"26030","MIDDENKADEROPLEIDING",2020-08-01,,"SBB",2020-08-01,,"26030",,"Mw kinderopvang, ond. en bew.","Medewerker kinderopvang, onderwijs en bewegen",4800,"SBU","DIPLOMA",,"MBO-4"
"26031","MIDDENKADEROPLEIDING",2020-08-01,,"SBB",2020-08-01,,"26031",,"Specialist made-to-measure","Specialist made-to-measure",4800,"SBU","DIPLOMA",,"MBO-4"
"26032","BASISBEROEPSOPLEIDING",2020-08-01,,"SBB",2020-08-01,,"26032",,"Genie Operator II (gev. st.)","Genie Operator II (gevaarlijke stoffen)",3200,"SBU","DIPLOMA",,"MBO-2"
"26033","VAKOPLEIDING",2020-08-01,,"SBB",2020-08-01,,"26033",,"Genie Operator III (gev. st.)","Genie Operator III (gevaarlijke stoffen)",4800,"SBU","DIPLOMA",,"MBO-3"
"26034","BASISBEROEPSOPLEIDING",2020-08-01,,"SBB",2020-08-01,,"26034",,"Genie gevechtsondersteuner II","Genie gevechtsondersteuner II",3200,"SBU","DIPLOMA",,"MBO-2"
"26035","VAKOPLEIDING",2020-08-01,,"SBB",2020-08-01,,"26035",,"Genie gevechtsondersteuner III","Genie gevechtsondersteuner III",4800,"SBU","DIPLOMA",,"MBO-3"
