"OPLEIDINGCODE","STARTDATUM","OPHEFFINGSDATUM","HERKOMST_OPLEIDING","BEGINDATUM_PERIODE","EINDDATUM_PERIODE","AFKORTING","INTERNATIONALE_NAAM","NAAM","NAAM_LANG"
"79000",2012-08-01,,"SBB",2012-08-01,,"79000",,"Bouw en infra","Bouw en infra"
"79010",2012-08-01,,"SBB",2012-08-01,,"79010",,"Afbouw, hout en onderhoud","Afbouw, hout en onderhoud"
"79020",2012-08-01,,"SBB",2012-08-01,,"79020",,"Techniek en procesindustrie","Techniek en procesindustrie"
"79030",2012-08-01,,"SBB",2012-08-01,,"79030",,"Ambacht, lab en gezondh.techn.","Ambacht, laboratorium en gezondheidstechniek"
"79040",2012-08-01,,"SBB",2012-08-01,,"79040",,"Media en vormgeving","Media en vormgeving"
"79050",2012-08-01,,"SBB",2012-08-01,,"79050",,"Informatie en comm.technologie","Informatie en communicatietechnologie"
"79060",2012-08-01,,"SBB",2012-08-01,,"79060",,"Mobiliteit en voertuigen","Mobiliteit en voertuigen"
"79070",2012-08-01,,"SBB",2012-08-01,,"79070",,"Transport, scheepv. en logist.","Transport, scheepvaart en logistiek"
"79080",2012-08-01,,"SBB",2012-08-01,,"79080",,"Handel en ondernemerschap","Handel en ondernemerschap"
"79090",2012-08-01,,"SBB",2012-08-01,,"79090",,"Economie en administratie","Economie en administratie"
"79100",2012-08-01,,"SBB",2012-08-01,,"79100",,"Veiligheid en sport","Veiligheid en sport"
"79110",2012-08-01,,"SBB",2012-08-01,,"79110",,"Uiterlijke verzorging","Uiterlijke verzorging"
"79120",2012-08-01,,"SBB",2012-08-01,,"79120",,"Horeca en bakkerij","Horeca en bakkerij"
"79130",2012-08-01,,"SBB",2012-08-01,,"79130",,"Toerisme en recreatie","Toerisme en recreatie"
"79140",2012-08-01,,"SBB",2012-08-01,,"79140",,"Zorg en welzijn","Zorg en welzijn"
"79150",2012-08-01,,"SBB",2012-08-01,,"79150",,"Voedsel, natuur en leefomgev","Voedsel, natuur en leefomgeving (EL&I)"
"79160",2012-08-01,,"SBB",2012-08-01,,"79160",,"Voedsel, natuur en leefomgev.","Voedsel, natuur en leefomgeving"
