"OPLEIDINGCODE","STARTDATUM","OPHEFFINGSDATUM","HERKOMST_OPLEIDING","BEGINDATUM_PERIODE","EINDDATUM_PERIODE","AFKORTING","INTERNATIONALE_NAAM","NAAM","NAAM_LANG"
"22000",2012-08-01,,"SBB",2012-08-01,,"22000",,"Assistent bouw en infra","Assistent bouw en infra"
"22001",2012-08-01,,"SBB",2012-08-01,,"22001",,"Voeger/gevelbehandelaar","Voeger/gevelbehandelaar"
"22002",2012-08-01,,"SBB",2012-08-01,,"22002",,"Tegelzetter","Tegelzetter"
"22003",2012-08-01,,"SBB",2012-08-01,,"22003",,"Natuursteenbewerker","Natuursteenbewerker"
"22004",2012-08-01,,"SBB",2012-08-01,,"22004",,"Dakdekker","Dakdekker"
"22005",2012-08-01,,"SBB",2012-08-01,,"22005",,"Betonstaalverwerker","Betonstaalverwerker"
"22006",2012-08-01,,"SBB",2012-08-01,,"22006",,"Betontimmerman","Betontimmerman"
"22007",2012-08-01,,"SBB",2012-08-01,,"22007",,"Betonboorder","Betonboorder"
"22008",2012-08-01,,"SBB",2012-08-01,,"22008",,"Steigerbouwer","Steigerbouwer"
"22009",2012-08-01,,"SBB",2012-08-01,,"22009",,"Metselaar","Metselaar"
"22010",2012-08-01,,"SBB",2012-08-01,,"22010",,"Timmerman","Timmerman"
"22011",2012-08-01,,"SBB",2012-08-01,,"22011",,"Kaderf bouw infra en gesp aann","Kaderfunctionaris bouw, infra en gespecialiseerde aannemerij"
"22012",2012-08-01,,"SBB",2012-08-01,,"22012",,"Middenkaderfunct bouw en infra","Middenkaderfunctionaris bouw en infra"
"22013",2012-08-01,,"SBB",2012-08-01,,"22013",,"Straatmaker","Straatmaker"
"22014",2012-08-01,,"SBB",2012-08-01,,"22014",,"Vakman asfalt","Vakman asfalt"
"22015",2012-08-01,,"SBB",2012-08-01,,"22015",,"Vakman gww","Vakman gww"
"22016",2012-08-01,,"SBB",2012-08-01,,"22016",,"Waterbouwer","Waterbouwer"
"22017",2012-08-01,,"SBB",2012-08-01,,"22017",,"Machinist","Machinist"
"22018",2012-08-01,,"SBB",2012-08-01,,"22018",,"Assistent houtbranche","Assistent houtbranche"
"22019",2012-08-01,,"SBB",2012-08-01,,"22019",,"Parketteur","Parketteur"
"22020",2012-08-01,,"SBB",2012-08-01,,"22020",,"Woningstoffeerder","Woningstoffeerder"
"22021",2012-08-01,,"SBB",2012-08-01,,"22021",,"Machinaal houtbewerker","Machinaal houtbewerker"
"22022",2012-08-01,,"SBB",2012-08-01,,"22022",,"Montagemedew. timmerindustrie","Montagemedewerker timmerindustrie"
"22023",2012-08-01,,"SBB",2012-08-01,,"22023",,"Meubelstoffeerder","Meubelstoffeerder"
"22024",2012-08-01,,"SBB",2012-08-01,,"22024",,"Meubelmaker/(scheeps)int bouw.","Meubelmaker/(scheeps)interieurbouwer"
"22025",2012-08-01,,"SBB",2012-08-01,,"22025",,"Werkvoorbereider houtbranche","Werkvoorbereider houtbranche"
"22026",2012-08-01,,"SBB",2012-08-01,,"22026",,"Logistiek vakman","Logistiek vakman"
"22027",2012-08-01,,"SBB",2012-08-01,,"22027",,"Assistent afbouw","Assistent afbouw"
"22028",2012-08-01,,"SBB",2012-08-01,,"22028",,"Plafond-/wandmonteur","Plafond-/wandmonteur"
"22029",2012-08-01,,"SBB",2012-08-01,,"22029",,"Medewerker dekvloeren","Medewerker dekvloeren"
"22030",2012-08-01,,"SBB",2012-08-01,,"22030",,"Betonreparateur","Betonreparateur"
"22031",2012-08-01,,"SBB",2012-08-01,,"22031",,"Onderhoud- en verbouwbedrijf","Onderhoud- en verbouwbedrijf"
"22032",2012-08-01,,"SBB",2012-08-01,,"22032",,"Medewerker stukadoren","Medewerker stukadoren"
"22033",2012-08-01,,"SBB",2012-08-01,,"22033",,"Restauratiestukadoor","Restauratiestukadoor"
"22034",2012-08-01,,"SBB",2012-08-01,,"22034",,"Ass schilderen/industr lakverw","Assistent schilderen/industriële lakverwerking"
"22035",2012-08-01,,"SBB",2012-08-01,2013-08-01,"22035",,"Medew. industriële lakverwerk.","Medewerker industriële lakverwerking"
"22035",2012-08-01,,"SBB",2013-08-01,,"22035",,"Medew. industriële lakverwerk.","Medewerker industriële lakverwerking"
"22036",2012-08-01,,"SBB",2012-08-01,,"22036",,"Medewerker glaszetten","Medewerker glaszetten"
"22037",2012-08-01,,"SBB",2012-08-01,2013-08-01,"22037",,"Medewerker schilderen","Medewerker schilderen"
"22037",2012-08-01,,"SBB",2013-08-01,,"22037",,"Medewerker schilderen","Medewerker schilderen"
"22038",2012-08-01,,"SBB",2012-08-01,2013-08-01,"22038",,"Specialist schilderen","Specialist schilderen"
"22038",2012-08-01,,"SBB",2013-08-01,,"22038",,"Specialist schilderen","Specialist schilderen"
"22039",2012-08-01,,"SBB",2012-08-01,2013-08-01,"22039",,"Middenk funct afbouw en onderh","Middenkaderfunctionaris afbouw en onderhoud"
"22039",2012-08-01,,"SBB",2013-08-01,,"22039",,"Middenk funct afbouw en onderh","Middenkaderfunctionaris afbouw en onderhoud"
"22040",2012-08-01,,"SBB",2012-08-01,,"22040",,"Assistent schoonmaak","Assistent schoonmaak"
"22041",2012-08-01,,"SBB",2012-08-01,2013-08-01,"22041",,"Schoonmaak en Glazenwassen","Schoonmaak en Glazenwassen"
"22041",2012-08-01,,"SBB",2013-08-01,,"22041",,"Schoonmaak en Glazenwassen","Schoonmaak en Glazenwassen"
"22042",2012-08-01,,"SBB",2012-08-01,,"22042",,"Ass metaal-, elektro- en inst.","Assistent metaal-, elektro- en installatietechniek"
"22043",2012-08-01,,"SBB",2012-08-01,,"22043",,"Gasturbines","Gasturbines"
"22044",2012-08-01,,"SBB",2012-08-01,,"22044",,"Metaalbewerken","Metaalbewerken"
"22045",2012-08-01,,"SBB",2012-08-01,,"22045",,"Fijnmechanische techniek","Fijnmechanische techniek"
"22046",2012-08-01,,"SBB",2012-08-01,2013-08-01,"22046",,"Machinebouw mechatronica","Machinebouw mechatronica"
"22046",2012-08-01,,"SBB",2013-08-01,,"22046",,"Machinebouw mechatronica","Machinebouw mechatronica"
"22047",2012-08-01,,"SBB",2012-08-01,,"22047",,"Human technology","Human technology"
"22048",2012-08-01,,"SBB",2012-08-01,2013-08-01,"22048",,"Installeren","Installeren"
"22048",2012-08-01,,"SBB",2013-08-01,,"22048",,"Installeren","Installeren"
"22049",2012-08-01,,"SBB",2012-08-01,,"22049",,"Service apparatuur en install","Service apparatuur en installaties"
"22050",2012-08-01,,"SBB",2012-08-01,,"22050",,"Middenkader engineering","Middenkader engineering"
"22051",2012-08-01,,"SBB",2012-08-01,,"22051",,"Elektr.techn. ind. prod.en sys","Elektrotechnische industriële producten en systemen"
"22052",2012-08-01,,"SBB",2012-08-01,2013-08-01,"22052",,"Werkvoorbereiden","Werkvoorbereiden"
"22052",2012-08-01,,"SBB",2013-08-01,,"22052",,"Werkvoorbereiden","Werkvoorbereiden"
"22053",2012-08-01,,"SBB",2012-08-01,2013-08-01,"22053",,"Infratechniek","Infratechniek"
"22053",2012-08-01,,"SBB",2013-08-01,,"22053",,"Infratechniek","Infratechniek"
"22054",2012-08-01,,"SBB",2012-08-01,,"22054",,"Assistent operator","Assistent operator"
"22055",2012-08-01,,"SBB",2012-08-01,,"22055",,"Operator C","Operator C"
"22056",2012-08-01,,"SBB",2012-08-01,,"22056",,"Medewerker operationele tech","Medewerker operationele techniek"
"22057",2012-08-01,,"SBB",2012-08-01,,"22057",,"Operationele techniek","Operationele techniek"
"22058",2012-08-01,,"SBB",2012-08-01,,"22058",,"Operator","Operator"
"22059",2012-08-01,,"SBB",2012-08-01,2013-08-01,"22059",,"Allround operator","Allround operator"
"22059",2012-08-01,,"SBB",2013-08-01,,"22059",,"Allround operator","Allround operator"
"22060",2012-08-01,,"SBB",2012-08-01,2013-08-01,"22060",,"Vliegtuigbouw","Vliegtuigbouw"
"22060",2012-08-01,,"SBB",2013-08-01,,"22060",,"Vliegtuigbouw","Vliegtuigbouw"
"22061",2012-08-01,,"SBB",2012-08-01,,"22061",,"Vliegtuigonderhoud","Vliegtuigonderhoud"
"22062",2012-08-01,,"SBB",2012-08-01,2013-08-01,"22062",,"Vliegtuigtechniek","Vliegtuigtechniek"
"22062",2012-08-01,,"SBB",2013-08-01,,"22062",,"Vliegtuigtechniek","Vliegtuigtechniek"
"22063",2012-08-01,,"SBB",2012-08-01,,"22063",,"Schoenhersteller","Schoenhersteller"
"22064",2012-08-01,,"SBB",2012-08-01,2013-08-01,"22064",,"Pianotechniek","Pianotechniek"
"22064",2012-08-01,,"SBB",2013-08-01,,"22064",,"Pianotechniek","Pianotechniek"
"22065",2012-08-01,,"SBB",2012-08-01,,"22065",,"Goud- en Zilversmeden","Goud- en Zilversmeden"
"22066",2012-08-01,,"SBB",2012-08-01,,"22066",,"Juweliersbedrijf","Juweliersbedrijf"
"22068",2012-08-01,,"SBB",2012-08-01,2013-08-01,"22068",,"Creatief Vakmanschap","Creatief Vakmanschap"
"22068",2012-08-01,,"SBB",2013-08-01,,"22068",,"Creatief Vakmanschap","Creatief Vakmanschap"
"22069",2012-08-01,,"SBB",2012-08-01,,"22069",,"Onderwerkmaker","Onderwerkmaker"
"22070",2012-08-01,,"SBB",2012-08-01,,"22070",,"Schachtenmaker","Schachtenmaker"
"22071",2012-08-01,,"SBB",2012-08-01,2013-08-01,"22071",,"Adaptatietechniek","Adaptatietechniek"
"22071",2012-08-01,,"SBB",2013-08-01,,"22071",,"Adaptatietechniek","Adaptatietechniek"
"22074",2012-08-01,,"SBB",2012-08-01,2013-08-01,"22074",,"Schoenconsulent","Schoenconsulent"
"22074",2012-08-01,,"SBB",2013-08-01,,"22074",,"Schoenconsulent","Schoenconsulent"
"22076",2012-08-01,,"SBB",2012-08-01,2013-08-01,"22076",,"Optiek","Optiek"
"22076",2012-08-01,,"SBB",2013-08-01,,"22076",,"Optiek","Optiek"
"22077",2012-08-01,,"SBB",2012-08-01,,"22077",,"Technisch Oogheelkundig Ass","Technisch Oogheelkundig Assistent"
"22078",2012-08-01,,"SBB",2012-08-01,2013-08-01,"22078",,"Tandtechniek","Tandtechniek"
"22078",2012-08-01,,"SBB",2013-08-01,,"22078",,"Tandtechniek","Tandtechniek"
"22079",2012-08-01,,"SBB",2012-08-01,,"22079",,"Audicien","Audicien"
"22080",2012-08-01,,"SBB",2012-08-01,,"22080",,"Medw Steriele Medische Hulpmid","Medewerker Steriele Medische Hulpmiddelen"
"22081",2012-08-01,,"SBB",2012-08-01,,"22081",,"Laboratoriummedewerker","Laboratoriummedewerker"
"22082",2012-08-01,,"SBB",2012-08-01,2013-08-01,"22082",,"Analist","Analist"
"22082",2012-08-01,,"SBB",2013-08-01,,"22082",,"Analist","Analist"
"22083",2012-08-01,,"SBB",2012-08-01,,"22083",,"DTP-er","DTP-er"
"22084",2012-08-01,,"SBB",2012-08-01,2013-08-01,"22084",,"AV-productie","AV-productie"
"22084",2012-08-01,,"SBB",2013-08-01,,"22084",,"AV-productie","AV-productie"
"22085",2012-08-01,,"SBB",2012-08-01,,"22085",,"Game artist","Game artist"
"22086",2012-08-01,,"SBB",2012-08-01,2013-08-01,"22086",,"Mediavormgever","Mediavormgever"
"22086",2012-08-01,,"SBB",2013-08-01,,"22086",,"Mediavormgever","Mediavormgever"
"22087",2012-08-01,,"SBB",2012-08-01,,"22087",,"Applicatie- en mediaontwik","Applicatie- en mediaontwikkeling"
"22088",2012-08-01,,"SBB",2012-08-01,,"22088",,"ICT- en mediabeheer","ICT- en mediabeheer"
"22089",2012-08-01,,"SBB",2012-08-01,,"22089",,"Mediamanagement","Mediamanagement"
"22090",2012-08-01,,"SBB",2012-08-01,,"22090",,"Podium- en evenemententechniek","Podium- en evenemententechniek"
"22091",2012-08-01,,"SBB",2012-08-01,,"22091",,"Tentoonstellingsbouwer","Tentoonstellingsbouwer"
"22092",2012-08-01,,"SBB",2012-08-01,,"22092",,"Signmaker","Signmaker"
"22093",2012-08-01,,"SBB",2012-08-01,2013-08-01,"22093",,"Vormg ruimtelijke pres en comm","Vormgeving ruimtelijke presentatie en communicatie"
"22093",2012-08-01,,"SBB",2013-08-01,,"22093",,"Vormg ruimtelijke pres en comm","Vormgeving ruimtelijke presentatie en communicatie"
"22094",2012-08-01,,"SBB",2012-08-01,,"22094",,"ICT-medewerker","ICT-medewerker"
"22095",2012-08-01,,"SBB",2012-08-01,,"22095",,"Particulier digitaal onderz","Particulier digitaal onderzoeker"
"22096",2012-08-01,,"SBB",2012-08-01,,"22096",,"Assistent Mobiliteitsbranche","Assistent Mobiliteitsbranche"
"22097",2012-08-01,,"SBB",2012-08-01,,"22097",,"Assemblagetechn Mobiliteitsbr","Assemblagetechnicus Mobiliteitsbranche"
"22098",2012-08-01,,"SBB",2012-08-01,,"22098",,"Tweewielertechniek","Tweewielertechniek"
"22099",2012-08-01,,"SBB",2012-08-01,,"22099",,"Motorfietstechniek","Motorfietstechniek"
"22100",2012-08-01,,"SBB",2012-08-01,2013-08-01,"22100",,"Verbrandingsmotortechniek","Verbrandingsmotortechniek"
"22100",2012-08-01,,"SBB",2013-08-01,,"22100",,"Verbrandingsmotortechniek","Verbrandingsmotortechniek"
"22101",2012-08-01,,"SBB",2012-08-01,,"22101",,"Eerste Verbrandingsmotortechn","Eerste Verbrandingsmotortechnicus"
"22102",2012-08-01,,"SBB",2012-08-01,2013-08-01,"22102",,"Mobiele werktuigen","Mobiele werktuigen"
"22102",2012-08-01,,"SBB",2013-08-01,,"22102",,"Mobiele werktuigen","Mobiele werktuigen"
"22103",2012-08-01,,"SBB",2012-08-01,,"22103",,"Autotechniek","Autotechniek"
"22104",2012-08-01,,"SBB",2012-08-01,,"22104",,"Bedrijfsautotechniek","Bedrijfsautotechniek"
"22105",2012-08-01,,"SBB",2012-08-01,,"22105",,"Verkoopadv Mobiliteitsbranche","Verkoopadviseur Mobiliteitsbranche"
"22106",2012-08-01,,"SBB",2012-08-01,,"22106",,"Serviceadv Mobiliteitsbranche","Serviceadviseur Mobiliteitsbranche"
"22107",2012-08-01,,"SBB",2012-08-01,,"22107",,"Verkoopmanager Mobiliteitsbr","Verkoopmanager Mobiliteitsbranche"
"22108",2012-08-01,,"SBB",2012-08-01,,"22108",,"Werkplaatsmanag Mobiliteitsbr","Werkplaatsmanagement Mobiliteitsbranche"
"22109",2012-08-01,,"SBB",2012-08-01,2013-08-01,"22109",,"Bedrijfsmanagem Mobiliteitsbr","Bedrijfsmanagement Mobiliteitsbranche"
"22109",2012-08-01,,"SBB",2013-08-01,,"22109",,"Bedrijfsmanagem Mobiliteitsbr","Bedrijfsmanagement Mobiliteitsbranche"
"22110",2012-08-01,,"SBB",2012-08-01,,"22110",,"Autoschadehersteltechniek","Autoschadehersteltechniek"
"22111",2012-08-01,,"SBB",2012-08-01,,"22111",,"Autospuiter","Autospuiter"
"22112",2012-08-01,,"SBB",2012-08-01,,"22112",,"Carrosseriebouwer","Carrosseriebouwer"
"22113",2012-08-01,,"SBB",2012-08-01,,"22113",,"Caravantechnicus","Caravantechnicus"
"22115",2012-08-01,,"SBB",2012-08-01,,"22115",,"Havenlogistiek","Havenlogistiek"
"22116",2012-08-01,,"SBB",2012-08-01,,"22116",,"Schipper rondv.boot bep.vaarg.","Schipper rondvaartboot beperkt vaargebied"
"22117",2012-08-01,,"SBB",2012-08-01,,"22117",,"Schipper machinist bep.werkgeb","Schipper machinist beperkt werkgebied"
"22118",2012-08-01,,"SBB",2012-08-01,,"22118",,"Binnenvaart","Binnenvaart"
"22119",2012-08-01,,"SBB",2012-08-01,,"22119",,"Stuurman werkt.k. zeevisv. sw6","Stuurman werktuigkundige zeevisvaart sw6"
"22121",2012-08-01,,"SBB",2012-08-01,,"22121",,"Bootman","Bootman"
"22123",2012-08-01,,"SBB",2012-08-01,2013-08-01,"22123",,"Koopvaardij offic kl schepen","Koopvaardij officier kleine schepen"
"22123",2012-08-01,,"SBB",2013-08-01,,"22123",,"Koopvaardij offic kl schepen","Koopvaardij officier kleine schepen"
"22124",2012-08-01,,"SBB",2012-08-01,,"22124",,"Koopvaardij offic alle schepen","Koopvaardij officier alle schepen"
"22126",2012-08-01,,"SBB",2012-08-01,,"22126",,"Baggermeester","Baggermeester"
"22127",2012-08-01,,"SBB",2012-08-01,,"22127",,"Maritiem waterbouwer","Maritiem waterbouwer"
"22128",2012-08-01,,"SBB",2012-08-01,,"22128",,"Scheeps- en jachtbouwkundige","Scheeps- en jachtbouwkundige"
"22129",2012-08-01,,"SBB",2012-08-01,,"22129",,"Luchtvaartdienstverlener","Luchtvaartdienstverlener"
"22130",2012-08-01,,"SBB",2012-08-01,,"22130",,"Luchtvaartlogisticus","Luchtvaartlogisticus"
"22131",2012-08-01,,"SBB",2012-08-01,,"22131",,"Aviation operations officer","Aviation operations officer"
"22132",2012-08-01,,"SBB",2012-08-01,,"22132",,"Chauffeur goederenvervoer","Chauffeur goederenvervoer"
"22133",2012-08-01,,"SBB",2012-08-01,2013-08-01,"22133",,"Chauffeur personenvervoer","Chauffeur personenvervoer"
"22133",2012-08-01,,"SBB",2013-08-01,,"22133",,"Chauffeur personenvervoer","Chauffeur personenvervoer"
"22134",2012-08-01,,"SBB",2012-08-01,,"22134",,"Machinist Railvervoer","Machinist Railvervoer"
"22135",2012-08-01,,"SBB",2012-08-01,,"22135",,"Planner wegtransport","Planner wegtransport"
"22136",2012-08-01,,"SBB",2012-08-01,,"22136",,"Manager transport en logistiek","Manager transport en logistiek"
"22137",2012-08-01,,"SBB",2012-08-01,,"22137",,"Assistent logistiek medewerker","Assistent logistiek medewerker"
"22138",2012-08-01,,"SBB",2012-08-01,,"22138",,"Logistiek teamleider","Logistiek teamleider"
"22139",2012-08-01,,"SBB",2012-08-01,,"22139",,"Logistiek supervisor","Logistiek supervisor"
"22140",2012-08-01,,"SBB",2012-08-01,,"22140",,"Logistiek medewerker","Logistiek medewerker"
"22141",2012-08-01,,"SBB",2012-08-01,,"22141",,"Aankomend verkoopmedewerker","Aankomend verkoopmedewerker"
"22142",2012-08-01,,"SBB",2012-08-01,2013-08-01,"22142",,"Verkoper","Verkoper"
"22142",2012-08-01,,"SBB",2013-08-01,,"22142",,"Verkoper","Verkoper"
"22143",2012-08-01,,"SBB",2012-08-01,,"22143",,"Balie-/shopmedewerker","Balie-/shopmedewerker"
"22144",2012-08-01,,"SBB",2012-08-01,,"22144",,"Verkoopspecialist","Verkoopspecialist"
"22145",2012-08-01,,"SBB",2012-08-01,,"22145",,"Ass-manager internat. handel","Assistent-manager internationale handel"
"22146",2012-08-01,,"SBB",2012-08-01,2013-08-01,"22146",,"Manager handel","Manager handel"
"22146",2012-08-01,,"SBB",2013-08-01,,"22146",,"Manager handel","Manager handel"
"22147",2012-08-01,,"SBB",2012-08-01,,"22147",,"Ondernemer detailhandel","Ondernemer detailhandel"
"22148",2012-08-01,,"SBB",2012-08-01,,"22148",,"Ass. medew. mode/maatk/inter.","Assistent medewerker mode/maatkleding/interieur"
"22149",2012-08-01,,"SBB",2012-08-01,,"22149",,"Medewerker mode/maatkleding","Medewerker mode/maatkleding"
"22150",2012-08-01,,"SBB",2012-08-01,,"22150",,"Medewerker interieurtextiel","Medewerker interieurtextiel"
"22151",2012-08-01,,"SBB",2012-08-01,2013-08-01,"22151",,"Medewerker design","Medewerker design"
"22151",2012-08-01,,"SBB",2013-08-01,,"22151",,"Medewerker design","Medewerker design"
"22152",2012-08-01,,"SBB",2012-08-01,2013-08-01,"22152",,"Productiecoördinator fashion","Productiecoördinator fashion"
"22152",2012-08-01,,"SBB",2013-08-01,,"22152",,"Productiecoördinator fashion","Productiecoördinator fashion"
"22153",2012-08-01,,"SBB",2012-08-01,,"22153",,"Commerc.medew.buitend.textiel","Commercieel medewerker buitendienst textiel"
"22154",2012-08-01,,"SBB",2012-08-01,,"22154",,"Kwaliteitscontroleur textiel","Kwaliteitscontroleur textiel"
"22155",2012-08-01,,"SBB",2012-08-01,,"22155",,"Ploegleider textiel","Ploegleider textiel"
"22156",2012-08-01,,"SBB",2012-08-01,,"22156",,"Administratief medewerker","Administratief medewerker"
"22157",2012-08-01,,"SBB",2012-08-01,,"22157",,"Secretariële beroepen","Secretariële beroepen"
"22158",2012-08-01,,"SBB",2012-08-01,,"22158",,"Financiële beroepen","Financiële beroepen"
"22159",2012-08-01,,"SBB",2012-08-01,,"22159",,"Medewerker personeel en arbeid","Medewerker personeel en arbeid"
"22160",2012-08-01,,"SBB",2012-08-01,,"22160",,"Medewerker sociale zekerheid","Medewerker sociale zekerheid"
"22161",2012-08-01,,"SBB",2012-08-01,,"22161",,"Juridisch medewerker","Juridisch medewerker"
"22162",2012-08-01,,"SBB",2012-08-01,,"22162",,"Medewerker info.dienstverlen.","Medewerker informatiedienstverlening"
"22163",2012-08-01,,"SBB",2012-08-01,,"22163",,"Comm.medw.bank-en verzkw.","Commercieel medewerker bank- en verzekeringswezen"
"22164",2012-08-01,,"SBB",2012-08-01,,"22164",,"Commercieel medewerker","Commercieel medewerker"
"22165",2012-08-01,,"SBB",2012-08-01,,"22165",,"Contactcenter teamleider","Contactcenter teamleider"
"22166",2012-08-01,,"SBB",2012-08-01,,"22166",,"Medewerker marketing en comm","Medewerker marketing en communicatie"
"22167",2012-08-01,,"SBB",2012-08-01,,"22167",,"Veiligheid en vakmanschap","Veiligheid en vakmanschap"
"22168",2012-08-01,,"SBB",2012-08-01,,"22168",,"Toezicht en veiligheid","Toezicht en veiligheid"
"22169",2012-08-01,,"SBB",2012-08-01,,"22169",,"Particuliere beveiliging","Particuliere beveiliging"
"22170",2012-08-01,,"SBB",2012-08-01,,"22170",,"Sport- en bewegingsbegeleider","Sport- en bewegingsbegeleider"
"22171",2012-08-01,,"SBB",2012-08-01,,"22171",,"Sport en bewegen","Sport en bewegen"
"22172",2012-08-01,,"SBB",2012-08-01,,"22172",,"Kapper","Kapper"
"22173",2012-08-01,,"SBB",2012-08-01,,"22173",,"Schoonheidsspecialist","Schoonheidsspecialist"
"22174",2012-08-01,,"SBB",2012-08-01,,"22174",,"Pedicure","Pedicure"
"22175",2012-08-01,,"SBB",2012-08-01,,"22175",,"Horeca-assistent","Horeca-assistent"
"22176",2012-08-01,,"SBB",2012-08-01,,"22176",,"Fastservice","Fastservice"
"22177",2012-08-01,,"SBB",2012-08-01,,"22177",,"Kok","Kok"
"22178",2012-08-01,,"SBB",2012-08-01,,"22178",,"Medewerker bediening/café-bar","Medewerker bediening/café-bar"
"22179",2012-08-01,,"SBB",2012-08-01,,"22179",,"Ondernemer horeca/bakkerij","Ondernemer horeca/bakkerij"
"22180",2012-08-01,,"SBB",2012-08-01,,"22180",,"Assistent bakker","Assistent bakker"
"22181",2012-08-01,,"SBB",2012-08-01,,"22181",,"Brood en banket","Brood en banket"
"22183",2012-08-01,,"SBB",2012-08-01,,"22183",,"Facilitaire dienstverlener","Facilitaire dienstverlener"
"22184",2012-08-01,,"SBB",2012-08-01,,"22184",,"Frontofficemedewerker","Frontofficemedewerker"
"22185",2012-08-01,,"SBB",2012-08-01,,"22185",,"Reizen","Reizen"
"22186",2012-08-01,,"SBB",2012-08-01,,"22186",,"Watersportindustrie","Watersportindustrie"
"22187",2012-08-01,,"SBB",2012-08-01,,"22187",,"Leisure & hospitality","Leisure & hospitality"
"22188",2012-08-01,,"SBB",2012-08-01,,"22188",,"Zorghulp","Zorghulp"
"22189",2012-08-01,,"SBB",2012-08-01,,"22189",,"Helpende Zorg & Welzijn","Helpende Zorg & Welzijn"
"22190",2012-08-01,,"SBB",2012-08-01,,"22190",,"Verzorgende-IG","Verzorgende-IG"
"22191",2012-08-01,,"SBB",2012-08-01,,"22191",,"Mbo-Verpleegkundige","Mbo-Verpleegkundige"
"22192",2012-08-01,,"SBB",2012-08-01,,"22192",,"Apothekersassistent","Apothekersassistent"
"22193",2012-08-01,,"SBB",2012-08-01,,"22193",,"Doktersassistent","Doktersassistent"
"22194",2012-08-01,,"SBB",2012-08-01,,"22194",,"Tandartsassistent","Tandartsassistent"
"22195",2012-08-01,,"SBB",2012-08-01,,"22195",,"Maatschappelijke Zorg","Maatschappelijke Zorg"
"22196",2012-08-01,,"SBB",2012-08-01,,"22196",,"Soc.-maatsch. dienstverl","Sociaal-maatschappelijk dienstverlener"
"22197",2012-08-01,,"SBB",2012-08-01,,"22197",,"Pedagogisch Werk","Pedagogisch Werk"
"22198",2012-08-01,,"SBB",2012-08-01,,"22198",,"Onderwijsassistent","Onderwijsassistent"
"22199",2012-08-01,,"SBB",2012-08-01,,"22199",,"Praktijkopleider","Praktijkopleider"
"22200",2012-08-01,,"SBB",2012-08-01,,"22200",,"Sociaal-cultureel werker","Sociaal-cultureel werker"
"22201",2012-08-01,,"SBB",2012-08-01,,"22201",,"Artiest","Artiest"
"22202",2012-08-01,,"SBB",2012-08-01,,"22202",,"Allround grimeur","Allround grimeur"
"22203",2012-08-01,,"SBB",2012-08-01,,"22203",,"Biologisch-dynamisch bedrijf","Biologisch-dynamisch bedrijf"
"22204",2012-08-01,,"SBB",2012-08-01,2013-08-01,"22204",,"teelt 4","teelt 4"
"22204",2012-08-01,,"SBB",2013-08-01,,"22204",,"teelt 4","teelt 4"
"22205",2012-08-01,,"SBB",2012-08-01,,"22205",,"Kwaliteitsmanagement voeding","Kwaliteitsmanagement voeding"
"22206",2012-08-01,,"SBB",2012-08-01,2013-08-01,"22206",,"Voedingsmanagement","Voedingsmanagement"
"22206",2012-08-01,,"SBB",2013-08-01,,"22206",,"Voedingsmanagement","Voedingsmanagement"
"22208",2012-08-01,,"SBB",2012-08-01,,"22208",,"Teelt 2/3","Teelt 2/3"
"22209",2012-08-01,,"SBB",2012-08-01,,"22209",,"Groene detailhandel","Groene detailhandel"
"22210",2012-08-01,,"SBB",2012-08-01,2013-08-01,"22210",,"Logistiek vakman","Logistiek vakman"
"22210",2012-08-01,,"SBB",2013-08-01,,"22210",,"Logistiek vakman","Logistiek vakman"
"22211",2012-08-01,,"SBB",2012-08-01,,"22211",,"In- en verkoop vershandel","In- en verkoop vershandel"
"22219",2012-08-01,,"SBB",2012-08-01,2013-08-01,"22219",,"Natuur en groene ruimte 2","Natuur en groene ruimte 2"
"22219",2012-08-01,,"SBB",2013-08-01,,"22219",,"Natuur en groene ruimte 2","Natuur en groene ruimte 2"
"22220",2012-08-01,,"SBB",2012-08-01,2013-08-01,"22220",,"Natuur en groene ruimte 3","Natuur en groene ruimte 3"
"22220",2012-08-01,,"SBB",2013-08-01,,"22220",,"Natuur en groene ruimte 3","Natuur en groene ruimte 3"
"22221",2012-08-01,,"SBB",2012-08-01,,"22221",,"Natuur en groene ruimte 4","Natuur en groene ruimte 4"
"22222",2012-08-01,,"SBB",2012-08-01,2013-08-01,"22222",,"Milieu en ruimte","Milieu en ruimte"
"22222",2012-08-01,,"SBB",2013-08-01,,"22222",,"Milieu en ruimte","Milieu en ruimte"
"22223",2012-08-01,,"SBB",2012-08-01,,"22223",,"Bloemendetailhandel","Bloemendetailhandel"
"22224",2012-08-01,,"SBB",2012-08-01,,"22224",,"Natuur en vormgeving","Natuur en vormgeving"
"22225",2012-08-01,,"SBB",2012-08-01,2013-08-01,"22225",,"Zorg, natuur en gezondheid","Zorg, natuur en gezondheid"
"22225",2012-08-01,,"SBB",2013-08-01,,"22225",,"Zorg, natuur en gezondheid","Zorg, natuur en gezondheid"
"22226",2012-08-01,,"SBB",2012-08-01,,"22226",,"Operator","Operator"
"22227",2012-08-01,,"SBB",2012-08-01,,"22227",,"Allround operator","Allround operator"
"22229",2012-08-01,,"SBB",2012-08-01,,"22229",,"Dierverzorging 2","Dierverzorging 2"
"22230",2012-08-01,,"SBB",2012-08-01,2013-08-01,"22230",,"Paardensport","Paardensport"
"22230",2012-08-01,,"SBB",2013-08-01,,"22230",,"Paardensport","Paardensport"
"22231",2012-08-01,,"SBB",2012-08-01,,"22231",,"Gespec dierverzorging paard","Gespecialiseerde dierverzorging paard"
"22232",2012-08-01,,"SBB",2012-08-01,,"22232",,"Gespec dierverzorging vee","Gespecialiseerde dierverzorging vee"
"22233",2012-08-01,,"SBB",2012-08-01,,"22233",,"Gespec dierverz gezelschdieren","Gespecialiseerde dierverzorging gezelschapsdieren"
"22234",2012-08-01,,"SBB",2012-08-01,2013-08-01,"22234",,"Productiedieren","Productiedieren"
"22234",2012-08-01,,"SBB",2013-08-01,,"22234",,"Productiedieren","Productiedieren"
"22235",2012-08-01,,"SBB",2012-08-01,,"22235",,"Recreatiedieren","Recreatiedieren"
"22236",2012-08-01,,"SBB",2012-08-01,,"22236",,"Gezelschapsdierenbranche","Gezelschapsdierenbranche"
"22237",2012-08-01,,"SBB",2012-08-01,,"22237",,"Proefdieren","Proefdieren"
"22238",2012-08-01,,"SBB",2012-08-01,,"22238",,"Paraveterinaire ondersteuning","Paraveterinaire ondersteuning"
"22239",2012-08-01,,"SBB",2012-08-01,,"22239",,"Groen, grond, infra","Groen, grond, infra"
"22240",2012-08-01,,"SBB",2012-08-01,,"22240",,"Operator","Operator"
"22241",2012-08-01,,"SBB",2012-08-01,,"22241",,"Allround operator","Allround operator"
"22242",2012-08-01,,"SBB",2012-08-01,,"22242",,"Logistiek vakman","Logistiek vakman"
"22243",2012-08-01,,"SBB",2012-08-01,,"22243",,"Productiemedew. versindustrie","Productiemedewerker versindustrie"
"22244",2012-08-01,,"SBB",2012-08-01,2013-08-01,"22244",,"Medew. versdetailhandel","Medewerker versdetailhandel"
"22244",2012-08-01,,"SBB",2013-08-01,,"22244",,"Medew. versdetailhandel","Medewerker versdetailhandel"
"22245",2012-08-01,,"SBB",2012-08-01,,"22245",,"Vakbekwaam medew. versdet.","Vakbekwaam medewerker versdetailhandel"
"22246",2012-08-01,,"SBB",2012-08-01,,"22246",,"Productievakkr.versindustrie","Productievakkracht versindustrie"
"22247",2012-08-01,,"SBB",2012-08-01,,"22247",,"Officieel assist. PM keuring","Officieel assistent PM keuring"
"22248",2012-08-01,,"SBB",2012-08-01,,"22248",,"Leidinggevende versindustrie","Leidinggevende versindustrie"
"22249",2012-08-01,,"SBB",2012-08-01,,"22249",,"Leidinggevende vers","Leidinggevende vers"
"22250",2012-08-01,,"SBB",2012-08-01,,"22250",,"Ass. medew. voeds. en leefomg.","Assistent medewerker voedsel en leefomgeving"
"22251",2012-08-01,,"SBB",2012-08-01,,"22251",,"Milieu en ruimte","Milieu en ruimte"
"22252",2012-08-01,,"SBB",2012-08-01,,"22252",,"Proefdieren","Proefdieren"
"22253",2012-08-01,,"SBB",2012-08-01,,"22253",,"Ass medw voedsel en leefomgev","Assistent medewerker voedsel en leefomgeving"
"22255",2012-08-01,,"SBB",2012-08-01,,"22255",,"Sloper","Sloper"
"22256",2012-08-01,,"SBB",2012-08-01,,"22256",,"Behoudsmedewerker","Behoudsmedewerker"
"22257",2012-08-01,,"SBB",2012-08-01,,"22257",,"Orthopedische Technieken","Orthopedische Technieken"
"22258",2012-08-01,,"SBB",2012-08-01,,"22258",,"Applicatie- en mediaontwik","Applicatie- en mediaontwikkeling"
"22259",2012-08-01,,"SBB",2012-08-01,,"22259",,"Techn Spec Verbrandingsmotoren","Technisch Specialist Verbrandingsmotoren"
"22260",2012-08-01,,"SBB",2012-08-01,,"22260",,"Havenoperaties","Havenoperaties"
"22261",2012-08-01,,"SBB",2012-08-01,,"22261",,"Visserij Officier","Visserij Officier"
"22262",2012-08-01,,"SBB",2012-08-01,,"22262",,"Interieuradviseur","Interieuradviseur"
"22263",2012-08-01,,"SBB",2012-08-01,,"22263",,"ICT- en mediabeheer","ICT- en mediabeheer"
"22264",2012-08-01,,"SBB",2012-08-01,,"22264",,"Arbeidsmarktgekwalific. assist","Arbeidsmarktgekwalificeerd assistent"
"22265",2012-08-01,,"SBB",2012-08-01,,"22265",,"Arbeidsmarktgekwalific. assist","Arbeidsmarktgekwalificeerd assistent"
"22266",2012-08-01,,"SBB",2012-08-01,,"22266",,"Printmedia","Printmedia"
"22267",2012-08-01,,"SBB",2012-08-01,,"22267",,"Uurwerktechniek","Uurwerktechniek"
"22268",2014-08-01,,"SBB",2014-08-01,,"22268",,"stuurman werkt. zeevisvaart","Stuurman werktuigkundige zeevisvaart"
"22269",2014-08-01,,"SBB",2014-08-01,,"22269",,"Entree Groen","Entree Groen"
"22270",2014-08-01,,"SBB",2014-08-01,,"22270",,"Entree","Entree"
"23001",2015-08-01,,"SBB",2015-08-01,,"23001",,"Afv, Mil, Beh & Ond Opb ruimte","Afval, Milieu, Beheer & Onderhoud Openbare Ruimte"
"23002",2015-08-01,,"SBB",2015-08-01,,"23002",,"Dekvloeren leggen","Dekvloeren leggen"
"23003",2015-08-01,,"SBB",2015-08-01,,"23003",,"Glaszetten","Glaszetten"
"23004",2015-08-01,,"SBB",2015-08-01,,"23004",,"Industr. produceren met hout","Industrieel produceren met hout"
"23005",2015-08-01,,"SBB",2015-08-01,,"23005",,"Industriële lakverwerking","Industriële lakverwerking"
"23006",2015-08-01,,"SBB",2015-08-01,,"23006",,"Kaderfunctie Afb Ondhd en Int","Kaderfunctie Afbouw, Onderhoud en Interieur"
"23007",2015-08-01,,"SBB",2015-08-01,,"23007",,"Machinaal houtbewerken","Machinaal houtbewerken"
"23008",2015-08-01,,"SBB",2015-08-01,,"23008",,"Meubels &(scheeps)inter. maken","Meubels en (scheeps)interieurs maken"
"23009",2015-08-01,,"SBB",2015-08-01,,"23009",,"Meubels stofferen","Meubels stofferen"
"23010",2015-08-01,,"SBB",2015-08-01,,"23010",,"Onderhoud- en verbouwbedrijf","Onderhoud- en verbouwbedrijf"
"23011",2015-08-01,,"SBB",2015-08-01,,"23011",,"Parketvloeren leggen","Parketvloeren leggen"
"23022",2015-08-01,,"SBB",2015-08-01,,"23022",,"Plafond-/wandmontage","Plafond-/wandmontage"
"23023",2015-08-01,,"SBB",2015-08-01,,"23023",,"Restauratiestukadoren","Restauratiestukadoren"
"23024",2015-08-01,,"SBB",2015-08-01,,"23024",,"Schilderen","Schilderen"
"23025",2015-08-01,,"SBB",2015-08-01,,"23025",,"Schoonmaak en Glazenwassen","Schoonmaak en Glazenwassen"
"23026",2015-08-01,,"SBB",2015-08-01,,"23026",,"Specialist schilderen","Specialist schilderen"
"23027",2015-08-01,,"SBB",2015-08-01,,"23027",,"Stukadoren","Stukadoren"
"23028",2015-08-01,,"SBB",2015-08-01,,"23028",,"Woningstofferen","Woningstofferen"
"23030",2015-08-01,,"SBB",2015-08-01,,"23030",,"Analisten","Analisten"
"23031",2015-08-01,,"SBB",2015-08-01,,"23031",,"Audiciens","Audiciens"
"23032",2015-08-01,,"SBB",2015-08-01,,"23032",,"Collectiebeheer","Collectiebeheer"
"23033",2015-08-01,,"SBB",2015-08-01,,"23033",,"Creatief Vakmanschap","Creatief Vakmanschap"
"23034",2015-08-01,,"SBB",2015-08-01,,"23034",,"Medew. Steriele Med. Hulpmid.","Medewerkers Steriele Medische Hulpmiddelen"
"23035",2015-08-01,,"SBB",2015-08-01,,"23035",,"Optiek","Optiek"
"23036",2015-08-01,,"SBB",2015-08-01,,"23036",,"Orthopedische Schoentechniek","Orthopedische Schoentechniek"
"23037",2015-08-01,,"SBB",2015-08-01,,"23037",,"Pianotechniek","Pianotechniek"
"23038",2015-08-01,,"SBB",2015-08-01,,"23038",,"Schoenen, Zadels en Lederwaren","Schoenen, Zadels en Lederwaren"
"23039",2015-08-01,,"SBB",2015-08-01,,"23039",,"Tandtechniek","Tandtechniek"
"23040",2015-08-01,,"SBB",2015-08-01,,"23040",,"Techn. Oogheelkundig Assistent","Technisch Oogheelkundig Assistenten"
"23041",2015-08-01,,"SBB",2015-08-01,,"23041",,"Goud- en Zilversmeden","Goud- en Zilversmeden"
"23042",2015-08-01,,"SBB",2015-08-01,,"23042",,"Juweliersbedrijf","Juweliersbedrijf"
"23043",2015-08-01,,"SBB",2015-08-01,,"23043",,"Orthopedische Techniek","Orthopedische Techniek"
"23044",2015-08-01,,"SBB",2015-08-01,,"23044",,"Uurwerktechniek","Uurwerktechniek"
"23045",2015-08-01,,"SBB",2015-08-01,,"23045",,"Betonboren","Betonboren"
"23046",2015-08-01,,"SBB",2015-08-01,,"23046",,"Betonreparatie","Betonreparatie"
"23047",2015-08-01,,"SBB",2015-08-01,,"23047",,"Betonstaalverwerken","Betonstaalverwerken"
"23048",2015-08-01,,"SBB",2015-08-01,,"23048",,"Betontimmeren","Betontimmeren"
"23049",2015-08-01,,"SBB",2015-08-01,,"23049",,"Dakdekken","Dakdekken"
"23050",2015-08-01,,"SBB",2015-08-01,,"23050",,"Grond-, water- en wegenbouw","Grond-, water- en wegenbouw"
"23051",2015-08-01,,"SBB",2015-08-01,,"23051",,"Machinisten","Machinisten"
"23052",2015-08-01,,"SBB",2015-08-01,,"23052",,"Metselen","Metselen"
"23053",2015-08-01,,"SBB",2015-08-01,,"23053",,"Middenkader bouw en infra","Middenkader bouw en infra"
"23054",2015-08-01,,"SBB",2015-08-01,,"23054",,"Natuursteenbewerken","Natuursteenbewerken"
"23055",2015-08-01,,"SBB",2015-08-01,,"23055",,"Slopen","Slopen"
"23056",2015-08-01,,"SBB",2015-08-01,,"23056",,"Tegelzetten","Tegelzetten"
"23057",2015-08-01,,"SBB",2015-08-01,,"23057",,"Timmeren","Timmeren"
"23058",2015-08-01,,"SBB",2015-08-01,,"23058",,"Werkvoorbereiden/uitvoeren","Werkvoorbereiden/uitvoeren"
"23060",2015-08-01,,"SBB",2015-08-01,,"23060",,"Steigerbouw","Steigerbouw"
"23062",2015-08-01,,"SBB",2015-08-01,,"23062",,"Voegen / gevelbehandelen","Voegen / gevelbehandelen"
"23063",2015-08-01,,"SBB",2015-08-01,,"23063",,"Bibliotheken","Bibliotheken"
"23064",2015-08-01,,"SBB",2015-08-01,,"23064",,"Commercie","Commercie"
"23065",2015-08-01,,"SBB",2015-08-01,,"23065",,"Fin. administratie beroepen","Financieel administratieve beroepen"
"23066",2015-08-01,,"SBB",2015-08-01,,"23066",,"Juridisch-adm. beroepen","Juridisch-administratieve beroepen"
"23067",2015-08-01,,"SBB",2015-08-01,,"23067",,"Marketing, com. en evenementen","Marketing, communicatie en evenementen"
"23068",2015-08-01,,"SBB",2015-08-01,,"23068",,"Ondersteunende adm. beroepen","Ondersteunende administratieve beroepen"
"23069",2015-08-01,,"SBB",2015-08-01,,"23069",,"Secretariële beroepen","Secretariële beroepen"
"23070",2015-08-01,,"SBB",2015-08-01,,"23070",,"Adv. en leiding in de verkoop","Advies en leiding in de verkoop"
"23071",2015-08-01,,"SBB",2015-08-01,,"23071",,"Fashion design","Fashion design"
"23072",2015-08-01,,"SBB",2015-08-01,,"23072",,"Fashion management","Fashion management"
"23073",2015-08-01,,"SBB",2015-08-01,,"23073",,"Interieuradvies","Interieuradvies"
"23074",2015-08-01,,"SBB",2015-08-01,,"23074",,"Kled- conf- en veranderatelier","Kleding-, confectie- en veranderatelier"
"23075",2015-08-01,,"SBB",2015-08-01,,"23075",,"Leidinggeven obv vakmanschap","Leidinggeven op basis van vakmanschap"
"23076",2015-08-01,,"SBB",2015-08-01,,"23076",,"Management retail","Management retail"
"23077",2015-08-01,,"SBB",2015-08-01,,"23077",,"Mode/maatkleding","Mode/maatkleding"
"23078",2015-08-01,,"SBB",2015-08-01,,"23078",,"Ondernemersch. obv vakmanschap","Ondernemerschap op basis van vakmanschap"
"23079",2015-08-01,,"SBB",2015-08-01,,"23079",,"Ondernemerschap retail","Ondernemerschap retail"
"23080",2015-08-01,,"SBB",2015-08-01,,"23080",,"Verkoop","Verkoop"
"23081",2015-08-01,,"SBB",2015-08-01,,"23081",,"Bediening","Bediening"
"23082",2015-08-01,,"SBB",2015-08-01,,"23082",,"Brood en banket","Brood en banket"
"23083",2015-08-01,,"SBB",2015-08-01,,"23083",,"Facilitair leidinggeven","Facilitair leidinggeven"
"23084",2015-08-01,,"SBB",2015-08-01,,"23084",,"Fastservice","Fastservice"
"23085",2015-08-01,,"SBB",2015-08-01,,"23085",,"Keuken","Keuken"
"23086",2015-08-01,,"SBB",2015-08-01,,"23086",,"Patisserie","Patisserie"
"23087",2015-08-01,,"SBB",2015-08-01,,"23087",,"Ondernemer horeca/bakkerij","Ondernemer horeca/bakkerij"
"23088",2015-08-01,,"SBB",2015-08-01,,"23088",,"Applicatieontwikkeling","Applicatieontwikkeling"
"23089",2015-08-01,,"SBB",2015-08-01,,"23089",,"ICT- en mediabeheer","ICT- en mediabeheer"
"23090",2015-08-01,,"SBB",2015-08-01,,"23090",,"ICT support","ICT support"
"23091",2015-08-01,,"SBB",2015-08-01,,"23091",,"AV-productie","AV-productie"
"23092",2015-08-01,,"SBB",2015-08-01,,"23092",,"DTP","DTP"
"23093",2015-08-01,,"SBB",2015-08-01,,"23093",,"Mediamanagement","Mediamanagement"
"23094",2015-08-01,,"SBB",2015-08-01,,"23094",,"Mediaredactie","Mediaredactie"
"23095",2015-08-01,,"SBB",2015-08-01,,"23095",,"Mediavormgeving","Mediavormgeving"
"23096",2015-08-01,,"SBB",2015-08-01,,"23096",,"Podium- en Evenemententechniek","Podium- en Evenemententechniek"
"23097",2015-08-01,,"SBB",2015-08-01,,"23097",,"Printmedia","Printmedia"
"23098",2015-08-01,,"SBB",2015-08-01,,"23098",,"Ruimtelijke vormgeving","Ruimtelijke vormgeving"
"23099",2015-08-01,,"SBB",2015-08-01,,"23099",,"Signmaking","Signmaking"
"23100",2015-08-01,,"SBB",2015-08-01,,"23100",,"Stand- en decorbouw","Stand- en decorbouw"
"23101",2015-08-01,,"SBB",2015-08-01,,"23101",,"Aftersales Mobiliteitsbranche","Aftersales Mobiliteitsbranche"
"23102",2015-08-01,,"SBB",2015-08-01,,"23102",,"Ass., Carr.bouw en Rec.voert.","Assemblage, Carrosseriebouw en Recreatievoertuigen"
"23103",2015-08-01,,"SBB",2015-08-01,,"23103",,"Autoschadehersteltechniek","Autoschadehersteltechniek"
"23104",2015-08-01,,"SBB",2015-08-01,,"23104",,"Autospuiten","Autospuiten"
"23105",2015-08-01,,"SBB",2015-08-01,,"23105",,"Fietstechniek","Fietstechniek"
"23106",2015-08-01,,"SBB",2015-08-01,,"23106",,"Gemotoriseerde tweewielers","Gemotoriseerde tweewielers"
"23107",2015-08-01,,"SBB",2015-08-01,,"23107",,"Verbrandingsmotortechniek","Verbrandingsmotortechniek"
"23108",2015-08-01,,"SBB",2015-08-01,,"23108",,"Verkoop Mobiliteitsbranche","Verkoop Mobiliteitsbranche"
"23109",2015-08-01,,"SBB",2015-08-01,,"23109",,"Voertuigen en mob. werktuigen","Voertuigen en mobiele werktuigen"
"23110",2015-08-01,,"SBB",2015-08-01,,"23110",,"Entree","Entree"
"23111",2015-08-01,,"SBB",2015-08-01,,"23111",,"Elektrotechn. systemen en inst","Elektrotechnische systemen en installaties"
"23112",2015-08-01,,"SBB",2015-08-01,,"23112",,"Eng. koude- en klimaatsystemen","Engineering koude- en klimaatsystemen"
"23113",2015-08-01,,"SBB",2015-08-01,,"23113",,"Human Technology","Human Technology"
"23114",2015-08-01,,"SBB",2015-08-01,,"23114",,"Infratechniek","Infratechniek"
"23115",2015-08-01,,"SBB",2015-08-01,,"23115",,"Infratechniek (kader)","Infratechniek (kader)"
"23116",2015-08-01,,"SBB",2015-08-01,,"23116",,"Isolatiewerken","Isolatiewerken"
"23117",2015-08-01,,"SBB",2015-08-01,,"23117",,"Koude- en klimaatsystemen","Koude- en klimaatsystemen"
"23118",2015-08-01,,"SBB",2015-08-01,,"23118",,"Metaalbewerken","Metaalbewerken"
"23119",2015-08-01,,"SBB",2015-08-01,,"23119",,"Middenkader Engineering","Middenkader Engineering"
"23120",2015-08-01,,"SBB",2015-08-01,,"23120",,"Precisietechniek","Precisietechniek"
"23121",2015-08-01,,"SBB",2015-08-01,,"23121",,"Procestechniek","Procestechniek"
"23122",2015-08-01,,"SBB",2015-08-01,,"23122",,"Service- en onderhoudstechniek","Service- en onderhoudstechniek"
"23123",2015-08-01,,"SBB",2015-08-01,,"23123",,"Technisch tekenen","Technisch tekenen"
"23124",2015-08-01,,"SBB",2015-08-01,,"23124",,"Vliegtuigbouw","Vliegtuigbouw"
"23125",2015-08-01,,"SBB",2015-08-01,,"23125",,"Vliegtuigonderhoud","Vliegtuigonderhoud"
"23127",2015-08-01,,"SBB",2015-08-01,,"23127",,"Elektrotechnische Installaties","Elektrotechnische Installaties"
"23128",2015-08-01,,"SBB",2015-08-01,,"23128",,"Industrieel onderhoud","Industrieel onderhoud"
"23129",2015-08-01,,"SBB",2015-08-01,,"23129",,"Industriële processen","Industriële processen"
"23130",2015-08-01,,"SBB",2015-08-01,,"23130",,"Mechatronica","Mechatronica"
"23131",2015-08-01,,"SBB",2015-08-01,,"23131",,"Mechatronische systemen","Mechatronische systemen"
"23132",2015-08-01,,"SBB",2015-08-01,,"23132",,"Operationele Techniek","Operationele Techniek"
"23133",2015-08-01,,"SBB",2015-08-01,,"23133",,"Werktuigk. Installaties (Mont)","Werktuigkundige Installaties (Montage)"
"23134",2015-08-01,,"SBB",2015-08-01,,"23134",,"Travel, Leisure & Hospitality","Travel, Leisure & Hospitality"
"23135",2015-08-01,,"SBB",2015-08-01,,"23135",,"Watersportindustrie","Watersportindustrie"
"23136",2015-08-01,,"SBB",2015-08-01,,"23136",,"Baggeren","Baggeren"
"23139",2015-08-01,,"SBB",2015-08-01,,"23139",,"Dienstverl. in de luchtvaart","Dienstverlening in de luchtvaart"
"23140",2015-08-01,,"SBB",2015-08-01,,"23140",,"Goederenvervoer","Goederenvervoer"
"23143",2015-08-01,,"SBB",2015-08-01,,"23143",,"Logistiek","Logistiek"
"23144",2015-08-01,,"SBB",2015-08-01,,"23144",,"Maritieme techniek","Maritieme techniek"
"23146",2015-08-01,,"SBB",2015-08-01,,"23146",,"Middenk. Transport & Logistiek","Middenkader Transport en Logistiek"
"23147",2015-08-01,,"SBB",2015-08-01,,"23147",,"Personenvervoer","Personenvervoer"
"23148",2015-08-01,,"SBB",2015-08-01,,"23148",,"Railvervoer","Railvervoer"
"23149",2015-08-01,,"SBB",2015-08-01,,"23149",,"Rondvaartboot","Rondvaartboot"
"23152",2015-08-01,,"SBB",2015-08-01,,"23152",,"Supervisors logistiek","Supervisors logistiek"
"23153",2015-08-01,,"SBB",2015-08-01,,"23153",,"Transportplanning","Transportplanning"
"23155",2015-08-01,,"SBB",2015-08-01,,"23155",,"Havenlogistiek","Havenlogistiek"
"23156",2015-08-01,,"SBB",2015-08-01,,"23156",,"Havenoperaties","Havenoperaties"
"23157",2015-08-01,,"SBB",2015-08-01,,"23157",,"Haarverzorging","Haarverzorging"
"23158",2015-08-01,,"SBB",2015-08-01,,"23158",,"Make-up Art","Make-up Art"
"23159",2015-08-01,,"SBB",2015-08-01,,"23159",,"Schoonheidsverzorging","Schoonheidsverzorging"
"23160",2015-08-01,,"SBB",2015-08-01,,"23160",,"Voetzorg","Voetzorg"
"23161",2015-08-01,,"SBB",2015-08-01,,"23161",,"Particuliere beveiliging","Particuliere beveiliging"
"23162",2015-08-01,,"SBB",2015-08-01,,"23162",,"Publieke veiligheid","Publieke veiligheid"
"23163",2015-08-01,,"SBB",2015-08-01,,"23163",,"Sport en Bewegen","Sport en Bewegen"
"23164",2015-08-01,,"SBB",2015-08-01,,"23164",,"Veiligheid en vakmanschap","Veiligheid en vakmanschap"
"23165",2015-08-01,,"SBB",2015-08-01,,"23165",,"Vers: Leidinggeven & ambacht","Vers: Leidinggeven & ambacht"
"23166",2015-08-01,,"SBB",2015-08-01,,"23166",,"Vers: Vakmanschap & ambacht","Vers: Vakmanschap & ambacht"
"23167",2015-08-01,,"SBB",2015-08-01,,"23167",,"Vers: Vakmanschap & industrie","Vers: Vakmanschap & industrie"
"23168",2015-08-01,,"SBB",2015-08-01,,"23168",,"Agro prod., handel en technol.","Agro productie, handel en technologie"
"23169",2015-08-01,,"SBB",2015-08-01,,"23169",,"Bloem, groen en styling","Bloem, groen en styling"
"23170",2015-08-01,,"SBB",2015-08-01,,"23170",,"Dierverzorging","Dierverzorging"
"23171",2015-08-01,,"SBB",2015-08-01,,"23171",,"Groene ruimte","Groene ruimte"
"23172",2015-08-01,,"SBB",2015-08-01,,"23172",,"Milieu-onderzoek en -inspectie","Milieu-onderzoek en -inspectie"
"23173",2015-08-01,,"SBB",2015-08-01,,"23173",,"Voeding","Voeding"
"23174",2015-08-01,,"SBB",2015-08-01,,"23174",,"Dierlijke vruchtbaarh & voortp","Dierlijke vruchtbaarheid en voortplanting"
"23175",2015-08-01,,"SBB",2015-08-01,,"23175",,"Gespec. proefdierverzorging","Gespecialiseerde proefdierverzorging"
"23176",2015-08-01,,"SBB",2015-08-01,,"23176",,"Hoefsmederij","Hoefsmederij"
"23177",2015-08-01,,"SBB",2015-08-01,,"23177",,"Paardensport en -houderij","Paardensport en -houderij"
"23178",2015-08-01,,"SBB",2015-08-01,,"23178",,"Apothekersassistent","Apothekersassistent"
"23179",2015-08-01,,"SBB",2015-08-01,,"23179",,"Artiesten","Artiesten"
"23180",2015-08-01,,"SBB",2015-08-01,,"23180",,"Doktersassistent","Doktersassistent"
"23181",2015-08-01,,"SBB",2015-08-01,,"23181",,"Maatschappelijke Zorg","Maatschappelijke Zorg"
"23182",2015-08-01,,"SBB",2015-08-01,,"23182",,"Mbo-Verpleegkundige","Mbo-Verpleegkundige"
"23183",2015-08-01,,"SBB",2015-08-01,,"23183",,"Pedagogisch Werk","Pedagogisch Werk"
"23184",2015-08-01,,"SBB",2015-08-01,,"23184",,"Praktijkopleider","Praktijkopleider"
"23185",2015-08-01,,"SBB",2015-08-01,,"23185",,"Sociaal werk","Sociaal werk"
"23186",2015-08-01,,"SBB",2015-08-01,,"23186",,"Tandartsassistent","Tandartsassistent"
"23187",2015-08-01,,"SBB",2015-08-01,,"23187",,"Verzorgende IG","Verzorgende IG"
"23189",2015-08-01,,"SBB",2015-08-01,,"23189",,"Dienstverlening","Dienstverlening"
"23190",2015-08-01,,"SBB",2015-08-01,,"23190",,"Financiële dienstverlening","Financiële dienstverlening"
"23191",2015-08-01,,"SBB",2015-08-01,,"23191",,"Vers: Leidinggeven & industrie","Vers: Leidinggeven & industrie"
"23192",2015-08-01,,"SBB",2015-08-01,,"23192",,"Entree","Entree"
"23193",2015-08-01,,"SBB",2015-08-01,,"23193",,"Management retail","Management retail"
"23194",2015-08-01,,"SBB",2015-08-01,,"23194",,"Verkoop","Verkoop"
"23195",2015-08-01,,"SBB",2015-08-01,,"23195",,"Adv. en leiding in de verkoop","Advies en leiding in de verkoop"
"23196",2016-08-01,,"SBB",2016-08-01,,"23196",,"Voegen/gevelbehandelen","Voegen/gevelbehandelen"
"23197",2016-08-01,,"SBB",2016-08-01,,"23197",,"Restauratievakmanschap bouw","Restauratievakmanschap in de bouw"
"23198",2016-08-01,,"SBB",2016-08-01,,"23198",,"Precisietechniek","Precisietechniek"
"23199",2016-08-01,,"SBB",2016-08-01,,"23199",,"Vormen maken","Vormen maken"
"23201",2016-08-01,,"SBB",2016-08-01,,"23201",,"Bootmannen","Bootmannen"
"23202",2016-08-01,,"SBB",2016-08-01,,"23202",,"Koopvaardij","Koopvaardij"
"23203",2016-08-01,,"SBB",2016-08-01,,"23203",,"Koopvaardij SMBW","Koopvaardij SMBW"
"23204",2016-08-01,,"SBB",2016-08-01,,"23204",,"Maritieme Waterbouw","Maritieme Waterbouw"
"23205",2016-08-01,,"SBB",2016-08-01,,"23205",,"Visserij officieren","Visserij officieren"
"23206",2016-08-01,,"SBB",2016-08-01,,"23206",,"Zeevisvaart SW6","Zeevisvaart SW6"
"23207",2016-08-01,,"SBB",2016-08-01,,"23207",,"Fashion design&productman.","Fashion design&productmanagement"
"23208",2016-08-01,,"SBB",2016-08-01,,"23208",,"Leidinggeven obv vakmanschap","Leidinggeven op basis van vakmanschap"
"23209",2016-08-01,,"SBB",2016-08-01,,"23209",,"Ondern. o.b.v. vakmanschap","Ondernemerschap op basis van vakmanschap"
"23210",2016-08-01,,"SBB",2016-08-01,,"23210",,"Baggeren","Baggeren"
"23211",2016-08-01,,"SBB",2016-08-01,,"23211",,"Binnenvaart","Binnenvaart"
"23212",2016-08-01,,"SBB",2016-08-01,,"23212",,"Agro, prod. handel en techn.","Agro, productie handel en technologie"
"23213",2016-08-01,,"SBB",2016-08-01,,"23213",,"Dierlijke vruchtb. en voortpl.","Dierlijke vruchtbaarheid en voortplanting"
"23214",2016-08-01,,"SBB",2016-08-01,,"23214",,"Dierverzorging","Dierverzorging"
"23215",2016-08-01,,"SBB",2016-08-01,,"23215",,"Dakdekken","Dakdekken"
"23216",2016-08-01,,"SBB",2016-08-01,,"23216",,"Financiele dienstverlening","Financiele dienstverlening"
"23217",2017-08-01,,"SBB",2017-08-01,,"23217",,"Creatief vakmanschap","Creatief vakmanschap"
"23218",2017-08-01,,"SBB",2017-08-01,,"23218",,"Goederenvervoer","Goederenvervoer"
"23219",2017-08-01,,"SBB",2017-08-01,,"23219",,"Personenvervoer","Personenvervoer"
"23220",2017-08-01,,"SBB",2017-08-01,,"23220",,"Railvervoer","Railvervoer"
"23221",2017-08-01,,"SBB",2017-08-01,,"23221",,"Agro prod., handel en technol.","Agro productie, handel en technologie"
"23223",2017-08-01,,"SBB",2017-08-01,,"23223",,"Koude- en klimaatsystemen","Koude- en klimaatsystemen"
"23224",2017-08-01,,"SBB",2017-08-01,,"23224",,"Bootmannen","Bootmannen"
"23225",2017-08-01,,"SBB",2017-08-01,,"23225",,"Engin. koude- en klimaatsyst.","Engineering koude- en klimaatsystemen"
"23226",2017-08-01,,"SBB",2017-08-01,,"23226",,"Vers:Leidingg.& industrie","Vers: Leidinggeven & industrie"
"23227",2017-08-01,,"SBB",2017-08-01,,"23227",,"Vers: Vakmansch. & industrie","Vers: Vakmanschap & industrie"
"23228",2018-08-01,,"SBB",2018-08-01,,"23228",,"Voeding","Voeding"
"23229",2018-08-01,,"SBB",2018-08-01,,"23229",,"Decoratiestukadoor","Decoratiestukadoor"
"23230",2018-08-01,,"SBB",2018-08-01,,"23230",,"Baggeren","Baggeren"
"23231",2019-01-01,,"SBB",2019-01-01,,"23231",,"Office- en managementsupport","Office- en managementsupport"
"23232",2018-08-01,,"SBB",2018-08-01,,"23232",,"Instructeur mbo","Instructeur mbo"
"23233",2019-01-01,,"SBB",2019-01-01,,"23233",,"Dierverzorging","Dierverzorging"
"23234",2019-01-01,,"SBB",2019-01-01,,"23234",,"Advies en onderz. leefomgeving","Advies en onderzoek leefomgeving"
"23235",2019-08-01,,"SBB",2019-08-01,,"23235",,"Industrieel produceren  hout","Industrieel produceren met hout"
"23236",2019-08-01,,"SBB",2019-08-01,,"23236",,"Schilderen","Schilderen"
"23237",2019-08-01,,"SBB",2019-08-01,,"23237",,"Mediamaken","Mediamaken"
"23238",2019-08-01,,"SBB",2019-08-01,,"23238",,"Assemblage,Carrosseriebouw ","Assemblage Carosseriebouw en Recreatievoertuigen"
"23239",2019-08-01,,"SBB",2019-08-01,,"23239",,"Maritieme techniek","Maritieme techniek"
"23240",2019-08-01,,"SBB",2019-08-01,,"23240",,"Veiligheid en vakmanschap","Veiligheid en vakmanschap"
"23241",2019-08-01,,"SBB",2019-08-01,,"23241",,"Pedagogisch werk","Pedagogisch werk"
"23242",2019-08-01,,"SBB",2019-08-01,,"23242",,"Printmedia","Printmedia"
"23243",2019-08-01,,"SBB",2019-08-01,,"23243",,"Software development","Software development"
"23244",2019-08-01,,"SBB",2019-08-01,,"23244",,"IT systems and devices","IT systems and devices"
"23246",2019-08-01,,"SBB",2019-08-01,,"23246",,"ICT support","ICT support"
"23247",2019-08-01,,"SBB",2019-08-01,,"23247",,"Facilitaire dienstverlening","Facilitairedienstverlening"
"23248",2019-08-01,,"SBB",2019-08-01,,"23248",,"Binnenvaart","Binnenvaart"
"23249",2019-08-01,,"SBB",2019-08-01,,"23249",,"Railvervoer","Railvervoer"
"23250",2019-08-01,,"SBB",2019-08-01,,"23250",,"Boulangerie","Boulangerie"
"23251",2020-08-01,,"SBB",2020-08-01,,"23251",,"Sociaal werk","Sociaal werk"
"23252",2019-08-01,,"SBB",2019-08-01,,"23252",,"Groene ruimte","Groene ruimte"
"23253",2020-08-01,,"SBB",2020-08-01,,"23253",,"Infratechniek","Infratechniek"
"23254",2020-08-01,,"SBB",2020-08-01,,"23254",,"Precisietechniek","Precisietechniek"
"23255",2020-08-01,,"SBB",2020-08-01,,"23255",,"Medew. Ster. Med. Hulpmiddelen","Medewerkers Steriele Medische Hulpmiddelen"
"23256",2020-08-01,,"SBB",2020-08-01,,"23256",,"Optiek","Optiek"
"23257",2020-08-01,,"SBB",2020-08-01,,"23257",,"Mediavormgeving","Mediavormgeving"
"23258",2020-08-01,,"SBB",2020-08-01,,"23258",,"Signmaking","Signmaking"
"23259",2020-08-01,,"SBB",2020-08-01,,"23259",,"Bootmannen","Bootmannen"
"23260",2020-08-01,,"SBB",2020-08-01,,"23260",,"Dienstverl. in de luchtvaart","Dienstverlening in de luchtvaart"
"23261",2020-01-01,,"SBB",2020-01-01,,"23261",,"Visserij officieren","Visserij officieren"
"23262",2020-01-01,,"SBB",2020-01-01,,"23262",,"Zeevisvaart SW6","Zeevisvaart SW6"
"23263",2020-08-01,,"SBB",2020-08-01,,"23263",,"Haarverzorging","Haarverzorging"
"23264",2020-08-01,,"SBB",2020-08-01,,"23264",,"Travel, Leisure & Hospitality","Travel, Leisure & Hospitality"
"23265",2020-08-01,,"SBB",2020-08-01,,"23265",,"Apothekersassistent","Apothekersassistent"
"23266",2020-08-01,,"SBB",2020-08-01,,"23266",,"Artiesten","Artiesten"
"23267",2020-08-01,,"SBB",2020-08-01,,"23267",,"Mbo-Verpleegkundige","Mbo-Verpleegkundige"
"23268",2020-08-01,,"SBB",2020-08-01,,"23268",,"Verzorgende-IG","Verzorgende-IG"
