"OPLEIDINGCODE","STARTDATUM","OPHEFFINGSDATUM","HERKOMST_OPLEIDING","LEERWERKTRAJECT_INDICATIE","VWO_RICHTING","BEGINDATUM_PERIODE","EINDDATUM_PERIODE","AFKORTING","INTERNATIONALE_NAAM","NAAM","NAAM_LANG","WAARDEDOCUMENTSOORT","NIVEAU","TYPE"
"5101",2006-08-01,2019-08-01,"OCW",,,2006-08-01,2019-08-01,"VAVO-ATH-ZP",,"Vavo-Atheneum zonder profiel","Vavo-Atheneum Zonder Profiel",,"VO-VWO","VAVOOPLEIDINGSFASE"
"5121",2007-08-01,,"OCW",,,2007-08-01,,"VAVO-A-N-ZP",,"Vavo-Ath-Nw-zonder profiel","Vavo Atheneum Zonder Profiel",,"VO-VWO","VAVOOPLEIDINGSFASE"
"5190",2012-08-01,,"OCW",,,2012-08-01,,"VAVO-A-VE",,"Vavo Atheneum voorexamenklas","Vavo Atheneum voorexamenklas",,"VO-VWO","VAVOOPLEIDINGSFASE"
"5201",2006-08-01,2019-08-01,"OCW",,,2006-08-01,2019-08-01,"VAVO-GYM-ZP",,"Vavo-Gymnasium zonder profiel","Vavo-Gymnasium zonder Profiel",,"VO-VWO","VAVOOPLEIDINGSFASE"
"5221",2007-08-01,,"OCW",,,2007-08-01,,"VAVO-G-N-ZP",,"Vavo-Gym-Zonder Profiel","Vavo Gymnasium Zonder Profiel",,"VO-VWO","VAVOOPLEIDINGSFASE"
"5290",2012-08-01,,"OCW",,,2012-08-01,,"VAVO-G-VE",,"Vavo Gymnasium voorexamenklas","Vavo Gymnasium voorexamenklas",,"VO-VWO","VAVOOPLEIDINGSFASE"
"5301",2006-08-01,2019-08-01,"OCW",,,2006-08-01,2019-08-01,"VAVO-HAVO-ZP",,"VAVO-HAVO zonder profiel","VAVO-HAVO zonder Profiel",,"VO-HAVO","VAVOOPLEIDINGSFASE"
"5321",2007-08-01,,"OCW",,,2007-08-01,,"VAVO-H-N-ZP",,"Vavo-Havo-Zonder Profiel","Vavo Havo Zonder Profiel",,"VO-HAVO","VAVOOPLEIDINGSFASE"
"5390",2012-08-01,,"OCW",,,2012-08-01,,"VAVO-H-VE",,"Vavo Havo voorexamenklas","Vavo Havo voorexamenklas",,"VO-HAVO","VAVOOPLEIDINGSFASE"
"5421",2019-08-01,,"OCW",,,2019-08-01,,"VAVO-M-ZP",,"VAVO-MAVO Th.Lw.zonder profiel","VAVO-MAVO Theoretische leerweg zonder profiel",,"VO-VMBO-TL","VAVOOPLEIDINGSFASE"
"5490",2012-08-01,,"OCW",,,2012-08-01,,"VAVO-M-VE",,"Vavo Mavo/tl-vmbo voorexamenkl","Vavo Mavo/theoretische leerweg-vmbo voorexamenklas",,"VO-VMBO-TL","VAVOOPLEIDINGSFASE"
"5100",1998-08-01,,"OCW",,"ATHENEUM",1998-08-01,,"VAVO-ATH",,"Vavo-Atheneum","Vavo-Atheneum","DIPLOMA","VO-VWO","VAVOOPLEIDING"
"5150",1998-08-01,,"OCW",,"ATHENEUM",1998-08-01,,"VAVO-A-NT",,"Vavo-Atheneum prf Nat/Tech","Vavo Atheneum Profiel Natuur en Techniek","DIPLOMA","VO-VWO","VAVOOPLEIDING"
"5151",1998-08-01,,"OCW",,"ATHENEUM",1998-08-01,,"VAVO-A-NG",,"Vavo Atheneum prf Nat/Gezond","Vavo Atheneum Profiel Natuur en Gezondheid","DIPLOMA","VO-VWO","VAVOOPLEIDING"
"5152",1998-08-01,,"OCW",,"ATHENEUM",1998-08-01,,"VAVO-A-EC",,"Vavo Atheneum prf Ec/Maat","Vavo Atheneum profiel Economie en Maatschappij","DIPLOMA","VO-VWO","VAVOOPLEIDING"
"5153",1998-08-01,,"OCW",,"ATHENEUM",1998-08-01,,"VAVO-A-CM",,"Vavo Atheneum prf Cul/Maat","Vavo Atheneum profiel Cultuur en Maatschappij","DIPLOMA","VO-VWO","VAVOOPLEIDING"
"5154",1998-08-01,2019-08-01,"OCW",,"ATHENEUM",1998-08-01,2019-08-01,"VAVO-A-NT/NG",,"Vavo Atheneum prf NT/NG","Vavo Atheneum Profiel Natuur en Techniek & Natuur en Gezondheid","DIPLOMA","VO-VWO","VAVOOPLEIDING"
"5155",1998-08-01,2019-08-01,"OCW",,"ATHENEUM",1998-08-01,2019-08-01,"VAVO-A-NT/EM",,"Vavo Atheneum prf NT/EM","Vavo Atheneum Profiel Natuur en Techniek & Economie en Maatschappij","DIPLOMA","VO-VWO","VAVOOPLEIDING"
"5156",1998-08-01,2019-08-01,"OCW",,"ATHENEUM",1998-08-01,2019-08-01,"VAVO-A-NT/CM",,"Vavo Atheneum prf NT/CM","Vavo Atheneum Profiel Natuur en Techniek & Cultuur en Maatschappij","DIPLOMA","VO-VWO","VAVOOPLEIDING"
"5157",1998-08-01,2019-08-01,"OCW",,"ATHENEUM",1998-08-01,2019-08-01,"VAVO-A-NG/CM",,"Vavo Atheneum prf NG/CM","Vavo Atheneum Profiel Natuur en Gezondheid & Cultuur en Maatschappij","DIPLOMA","VO-VWO","VAVOOPLEIDING"
"5158",1998-08-01,2019-08-01,"OCW",,"ATHENEUM",1998-08-01,2019-08-01,"VAVO-A-NG/EM",,"Vavo Atheneum prf NG/EM","Vavo Atheneum Profiel Natuur en Gezondheid & Economie en Maatschappij","DIPLOMA","VO-VWO","VAVOOPLEIDING"
"5159",1998-08-01,2019-08-01,"OCW",,"ATHENEUM",1998-08-01,2019-08-01,"VAVO-A-EM/CM",,"Vavo Atheneum prf EM/CM","Vavo Atheneum Profiel Economie en Maatschappij & Cultuur en Maatschappij","DIPLOMA","VO-VWO","VAVOOPLEIDING"
"5170",2007-08-01,,"OCW",,"ATHENEUM",2007-08-01,,"VAVO-A-NW-NT",,"Vavo Ath NW Prf Nat/Tech","Vavo Atheneum Nieuw Profiel Natuur en Techniek","DIPLOMA","VO-VWO","VAVOOPLEIDING"
"5171",2007-08-01,,"OCW",,"ATHENEUM",2007-08-01,,"VAVO-A-NW-NG",,"Vavo-Ath-NW-Prf Nat/Gezond","Vavo Atheneum Nieuw Profiel Natuur en Gezondheid","DIPLOMA","VO-VWO","VAVOOPLEIDING"
"5172",2007-08-01,,"OCW",,"ATHENEUM",2007-08-01,,"VAVO-A-NW-EM",,"Vavo-Ath-Nw-Prf-Ec/Maat","Vavo Atheneum Nieuw Profiel Economie en Maatschappij","DIPLOMA","VO-VWO","VAVOOPLEIDING"
"5173",2007-08-01,,"OCW",,"ATHENEUM",2007-08-01,,"VAVO-A-NE-CM",,"Vavo-Ath-Nw-Prf-Cul/Maat","Vavo Atheneum Nieuw Profiel Cultuur en Maatschappij","DIPLOMA","VO-VWO","VAVOOPLEIDING"
"5174",2007-08-01,2019-08-01,"OCW",,"ATHENEUM",2007-08-01,2019-08-01,"VAVOA-N-NTNG",,"Vavo-Ath-Nw-Prf-NT/NG","Vavo Atheneum Profiel Natuur en Techniek & Natuur en Gezondheid","DIPLOMA","VO-VWO","VAVOOPLEIDING"
"5175",2007-08-01,2019-08-01,"OCW",,"ATHENEUM",2007-08-01,2019-08-01,"VAVOA-N-NTEM",,"Vavo-Ath-Nw-Prf-NT/EM","Vavo Atheneum Profiel Natuur en Techniek & Economie en Maatschappij","DIPLOMA","VO-VWO","VAVOOPLEIDING"
"5176",2007-08-01,2019-08-01,"OCW",,"ATHENEUM",2007-08-01,2019-08-01,"VAVOA-N-NTCM",,"Vavo-Ath-Nw-Prf-NT/CM","Vavo Atheneum Nieuw Profiel Natuur en Techniek & Cultuur en Maatschappij","DIPLOMA","VO-VWO","VAVOOPLEIDING"
"5177",2007-08-01,2019-08-01,"OCW",,"ATHENEUM",2007-08-01,2019-08-01,"VAVOA-N-NGCM",,"Vavo-Ath-Nw-Prf NG/CM","Vavo Atheneum Nieuw Profiel Natuur en Gezondheid & Cultuur en Maatschappij","DIPLOMA","VO-VWO","VAVOOPLEIDING"
"5178",2007-08-01,2019-08-01,"OCW",,"ATHENEUM",2007-08-01,2019-08-01,"VAVOA-N-NGEM",,"Vavo-Ath-Nw-Prf-NG/EM","Vavo Atheneum Nieuw Profiel Natuur en Gezondheid & Economie en Maatschappij","DIPLOMA","VO-VWO","VAVOOPLEIDING"
"5179",2007-08-01,2019-08-01,"OCW",,"ATHENEUM",2007-08-01,2019-08-01,"VAVOA-N-EMCM",,"Vavo-Ath-Nw-Prf-EM/CM","Vavo Atheneum Nieuw Profiel Economie en Maatschappij & Cultuur en Maatschappij","DIPLOMA","VO-VWO","VAVOOPLEIDING"
"5200",1998-08-01,,"OCW",,"GYMNASIUM",1998-08-01,,"VAVO-GYM",,"Vavo-Gymnasium","Vavo-Gymnasium","DIPLOMA","VO-VWO","VAVOOPLEIDING"
"5250",1998-08-01,,"OCW",,"GYMNASIUM",1998-08-01,,"VAVO-G-NT",,"Vavo Gymnasium prf Nat/Tech","Vavo Gymnasium Profiel Natuur en Techniek","DIPLOMA","VO-VWO","VAVOOPLEIDING"
"5251",1998-08-01,,"OCW",,"GYMNASIUM",1998-08-01,,"VAVO-G-NG",,"Vavo Gymnasium prf Nat/Gezond","Vavo Gymnasium Profiel Natuur en Gezondheid","DIPLOMA","VO-VWO","VAVOOPLEIDING"
"5252",1998-08-01,,"OCW",,"GYMNASIUM",1998-08-01,,"VAVO-G-EM",,"Vavo Gymnasium prf Ec/Maat","Vavo Gymnasium Profiel Economie en Maatschappij","DIPLOMA","VO-VWO","VAVOOPLEIDING"
"5253",1998-08-01,,"OCW",,"GYMNASIUM",1998-08-01,,"VAVO-G-CM",,"Vavo Gymnasium prf Cul/Maat","Vavo Gymnasium Profiel Cultuur en Maatschappij","DIPLOMA","VO-VWO","VAVOOPLEIDING"
"5254",1998-08-01,2019-08-01,"OCW",,"GYMNASIUM",1998-08-01,2019-08-01,"VAVO-G-NT/NG",,"Vavo Gymnasium prf NT/NG","Vavo Gymnasium Profiel Natuur en Techniek & Natuur en Gezondheid","DIPLOMA","VO-VWO","VAVOOPLEIDING"
"5255",1998-08-01,2019-08-01,"OCW",,"GYMNASIUM",1998-08-01,2019-08-01,"VAVO-G-NT/EM",,"Vavo Gymnasium prf NT/EM","Vavo Gymnasium Profiel Natuur en Techniek & Economie en Maatschappij","DIPLOMA","VO-VWO","VAVOOPLEIDING"
"5256",1998-08-01,2019-08-01,"OCW",,"GYMNASIUM",1998-08-01,2019-08-01,"VAVO-G-NT/CM",,"Vavo Gymnasium prf NT/CM","Vavo Gymnasium Profiel Natuur en Techniek & Cultuur en Maatschappij","DIPLOMA","VO-VWO","VAVOOPLEIDING"
"5257",1998-08-01,2019-08-01,"OCW",,"GYMNASIUM",1998-08-01,2019-08-01,"VAVO-G-NG/CM",,"Vavo Gymnasium prf NG/CM","Vavo Gymnasium Profiel Natuur en Gezondheid & Cultuur en Maatschappij","DIPLOMA","VO-VWO","VAVOOPLEIDING"
"5258",1998-08-01,2019-08-01,"OCW",,"GYMNASIUM",1998-08-01,2019-08-01,"VAVO-G-NG/EM",,"Vavo Gymnasium prf NG/EM","Vavo Gymnasium Profiel Natuur en Gezondheid & Economie en Maatschappij","DIPLOMA","VO-VWO","VAVOOPLEIDING"
"5259",1998-08-01,2019-08-01,"OCW",,"GYMNASIUM",1998-08-01,2019-08-01,"VAVO-G-EM/CM",,"Vavo Gymnasium prf EM/CM","Vavo Gymnasium Profiel Economie en Maatschappij & Cultuur en Maatschappij","DIPLOMA","VO-VWO","VAVOOPLEIDING"
"5270",2007-08-01,,"OCW",,"GYMNASIUM",2007-08-01,,"VAVO-G-N-NT",,"Vavo-Gym-Nw-Prf Nat/Tech","Vavo Gymnasium Nieuw Profiel Natuur en Techniek","DIPLOMA","VO-VWO","VAVOOPLEIDING"
"5271",2007-08-01,,"OCW",,"GYMNASIUM",2007-08-01,,"VAVO-G-N-NG",,"Vavo-Gym-Nw-Prf-Nat/Gezond","Vavo Gymnasium Nieuw Profiel Natuur en Gezondheid","DIPLOMA","VO-VWO","VAVOOPLEIDING"
"5272",2007-08-01,,"OCW",,"GYMNASIUM",2007-08-01,,"VAVO-G-N-EM",,"Vavo-Gym-Nw-Prf-Ec/Maat","Vavo Gymnasium Nieuw Profiel Economie en Maatschappij","DIPLOMA","VO-VWO","VAVOOPLEIDING"
"5273",2007-08-01,,"OCW",,"GYMNASIUM",2007-08-01,,"VAVO-G-N-CM",,"Vavo-Gym-Nw-Prf-Cul/Maat","Vavo Gymnasium Nieuw Profiel Cultuur en Maatschappij","DIPLOMA","VO-VWO","VAVOOPLEIDING"
"5274",2007-08-01,2019-08-01,"OCW",,"GYMNASIUM",2007-08-01,2019-08-01,"VAVOG-N-NTNG",,"Vavo-Gym-Nw-Prf-NT/NG","Vavo Gymnasium Nieuw Profiel Natuur en Techniek & Natuur en Gezondheid","DIPLOMA","VO-VWO","VAVOOPLEIDING"
"5275",2007-08-01,2019-08-01,"OCW",,"GYMNASIUM",2007-08-01,2019-08-01,"VAVOG-N-NTEM",,"Vavo-Gym-Nw-Prf- NT/EM","Vavo Gymnasium Nieuw Profiel Natuur en Techniek & Economie en Maatschappij","DIPLOMA","VO-VWO","VAVOOPLEIDING"
"5276",2007-08-01,2019-08-01,"OCW",,"GYMNASIUM",2007-08-01,2019-08-01,"VAVOG-N-NTCM",,"Vavo-Gym-Nw-Prf-NT/CM","Vavo Gymnasium Nieuw Profiel Natuur en techniek & Cultuur en Maatschappij","DIPLOMA","VO-VWO","VAVOOPLEIDING"
"5277",2007-08-01,2019-08-01,"OCW",,"GYMNASIUM",2007-08-01,2019-08-01,"VAVOG-N-NGCM",,"Vavo-Gym-Nw-Prf-NG/CM","Vavo Gymnasium Nieuw Profiel Natuur en Gezondheid & Cultuur en Maatschappij","DIPLOMA","VO-VWO","VAVOOPLEIDING"
"5278",2007-08-01,2019-08-01,"OCW",,"GYMNASIUM",2007-08-01,2019-08-01,"VAVOG-N-NGEM",,"Vavo-Gym-Nw-Prf-NG/EM","Vavo Gymnasium Nieuw Profiel Natuur en Gezondheid & Economie en Maatschappij","DIPLOMA","VO-VWO","VAVOOPLEIDING"
"5279",2007-08-01,2019-08-01,"OCW",,"GYMNASIUM",2007-08-01,2019-08-01,"VAVOG-N-EMCM",,"Vavo-Gym-Nw-Prf-Em/CM","Vavo Gymnasium Nieuw Profiel Economie en Maatschappij & Cultuur en Maatschappij","DIPLOMA","VO-VWO","VAVOOPLEIDING"
"5300",1998-08-01,,"OCW",,,1998-08-01,,"VAVO-HAVO",,"Vavo-Havo","Vavo-Havo","DIPLOMA","VO-HAVO","VAVOOPLEIDING"
"5350",1998-08-01,,"OCW",,,1998-08-01,,"VAVO-H-NT",,"Vavo Havo prf Nat/Tech","Vavo Havo Profiel Natuur en Techniek","DIPLOMA","VO-HAVO","VAVOOPLEIDING"
"5351",1998-08-01,,"OCW",,,1998-08-01,,"VAVO-H-NG",,"Vavo Havo prf Nat/Gezond","Vavo Havo Profiel Natuur en Gezondheid","DIPLOMA","VO-HAVO","VAVOOPLEIDING"
"5352",1998-08-01,,"OCW",,,1998-08-01,,"VAVO-H-EM",,"Vavo Havo prf Ec/Maat","Vavo Havo Profiel Economie en Maatschappij","DIPLOMA","VO-HAVO","VAVOOPLEIDING"
"5353",1998-08-01,,"OCW",,,1998-08-01,,"VAVO-H-CM",,"Vavo Havo prf Cul/Maat","Vavo Havo Profiel Cultuur en Maatschappij","DIPLOMA","VO-HAVO","VAVOOPLEIDING"
"5354",1998-08-01,2019-08-01,"OCW",,,1998-08-01,2019-08-01,"VAVO-H-NT/NG",,"Vavo Havo prf NT/NG","Vavo Havo Profiel Natuur en Techniek & Natuur en Gezondheid","DIPLOMA","VO-HAVO","VAVOOPLEIDING"
"5355",1998-08-01,2019-08-01,"OCW",,,1998-08-01,2019-08-01,"VAVO-H-NT/EM",,"Vavo Havo prf NT/EM","Vavo Havo Profiel Natuur en Techniek & Economie en Maatschappij","DIPLOMA","VO-HAVO","VAVOOPLEIDING"
"5356",1998-08-01,2019-08-01,"OCW",,,1998-08-01,2019-08-01,"VAVO-H-NT/CM",,"Vavo Havo prf NT/CM","Vavo Havo Profiel Natuur en Techniek & Cultuur en Maatschappij","DIPLOMA","VO-HAVO","VAVOOPLEIDING"
"5357",1998-08-01,2019-08-01,"OCW",,,1998-08-01,2019-08-01,"VAVO-H-NG/CM",,"Vavo Havo prf NG/CM","Vavo Havo Profiel Natuur en Gezondheid & Cultuur en Maatschappij","DIPLOMA","VO-HAVO","VAVOOPLEIDING"
"5358",1998-08-01,2019-08-01,"OCW",,,1998-08-01,2019-08-01,"VAVO-H-NG/EM",,"Vavo Havo prf NG/EM","Vavo Havo Profiel Natuur en Gezondheid & Economie en Maatschappij","DIPLOMA","VO-HAVO","VAVOOPLEIDING"
"5359",1998-08-01,2019-08-01,"OCW",,,1998-08-01,2019-08-01,"VAVO-H-EM/CM",,"Vavo Havo prf EM/CM","Vavo Havo Profiel Economie en Maatschappij & Cultuur en Maatschappij","DIPLOMA","VO-HAVO","VAVOOPLEIDING"
"5370",2007-08-01,,"OCW",,,2007-08-01,,"VAVO-H-N-NT",,"Vavo-Havo-Nw-Prf-Nat/Tech","Vavo Havo-Nieuw-Profiel-Natuur en Techniek","DIPLOMA","VO-HAVO","VAVOOPLEIDING"
"5371",2007-08-01,,"OCW",,,2007-08-01,,"VAVO-H-N-NG",,"Vavo-Havo-Nw-Prf-Nat/Gezond","Vavo Havo Nieuw Profiel Natuur en Gezondheid","DIPLOMA","VO-HAVO","VAVOOPLEIDING"
"5372",2007-08-01,,"OCW",,,2007-08-01,,"VAVO-H-N-EM",,"Vavo-havo-Nw-Prf-Ec/Maat","Vavo Havo Nieuw Profiel Economie en Maatschappij","DIPLOMA","VO-HAVO","VAVOOPLEIDING"
"5373",2007-08-01,,"OCW",,,2007-08-01,,"VAVO-H-N-CM",,"Vavo-Havo-Nw-Prf-Cul/Maat","Vavo Havo Nieuw Profiel Cultuur en Maatschappij","DIPLOMA","VO-HAVO","VAVOOPLEIDING"
"5374",2007-08-01,2019-08-01,"OCW",,,2007-08-01,2019-08-01,"VAVOH-N-NTNG",,"Vavo-Havo-Nw-Prf-NT/NG","Vavo Havo Nieuw Profiel Natuur en Techniek & Natuur en Gezondheid","DIPLOMA","VO-HAVO","VAVOOPLEIDING"
"5375",2007-08-01,2019-08-01,"OCW",,,2007-08-01,2019-08-01,"VAVOH-N-NTEM",,"Vavo-Havo-Nw-Prf-NT/EM","Vavo Havo Nieuw Profiel Natuur en Techniek & Economie en Maatschappij","DIPLOMA","VO-HAVO","VAVOOPLEIDING"
"5376",2007-08-01,2019-08-01,"OCW",,,2007-08-01,2019-08-01,"VAVOH-N-NTCM",,"Vavo-Havo-NW-Prf-NT/CM","Vavo Havo Nieuw Profiel Natuur en Techniek & Cultuur en Maatschappij","DIPLOMA","VO-HAVO","VAVOOPLEIDING"
"5377",2007-08-01,2019-08-01,"OCW",,,2007-08-01,2019-08-01,"VAVOH-N-NGCM",,"Vavo-Havo-Nw-prf-NG/CM","Vavo Havo Nieuw Profiel Natuur en Gezondheid & Cultuur en Maatschappij","DIPLOMA","VO-HAVO","VAVOOPLEIDING"
"5378",2007-08-01,2019-08-01,"OCW",,,2007-08-01,2019-08-01,"VAVOH-N-NGEM",,"Vavo-Havo-Nw-Prf-NG/EM","Vavo Havo Nieuw Profiel Natuur en Gezondheid & Economie en maatschappij","DIPLOMA","VO-HAVO","VAVOOPLEIDING"
"5379",2007-08-01,2019-08-01,"OCW",,,2007-08-01,2019-08-01,"VAVOH-N-EMCM",,"Vavo-Havo-Nw-Prf-EM/CM","Vavo Havo Nieuw Profiel Economie en Maatschappij & Cultuur en Maatschappij","DIPLOMA","VO-HAVO","VAVOOPLEIDING"
"5400",1998-08-01,,"OCW",,,1998-08-01,,"VAVO-M-VMBOT",,"Vavo-Mavo-VMBO-Theor Leerw","Vavo-Mavo VMBO Theoretische Leerweg","DIPLOMA","VO-VMBO-TL","VAVOOPLEIDING"
"5450",2018-08-01,,"OCW",,,2018-08-01,,"VAVO-M-TE",,"Vavo-Mavo/TL-Prf-Techniek","Vavo-Mavo/Theoretische Leerweg Profiel Techniek","DIPLOMA","VO-VMBO-TL","VAVOOPLEIDING"
"5451",2018-08-01,,"OCW",,,2018-08-01,,"VAVO-M-ZW",,"Vavo-Mavo/TL-Prf-Zorg&Welzijn","Vavo-Mavo/Theoretische Leerweg Profiel Zorg en Welzijn","DIPLOMA","VO-VMBO-TL","VAVOOPLEIDING"
"5452",2018-08-01,,"OCW",,,2018-08-01,,"VAVO-M-EC",,"Vavo-Mavo/TL-Prf-Economie","Vavo-Mavo/Theoretische Leerweg Profiel Economie","DIPLOMA","VO-VMBO-TL","VAVOOPLEIDING"
"5453",2018-08-01,,"OCW",,,2018-08-01,,"VAVO-M-LA",,"Vavo-Mavo/TL-Prf-Landbouw","Vavo-Mavo/Theoretische Leerweg Profiel Landbouw","DIPLOMA","VO-VMBO-TL","VAVOOPLEIDING"
