"OPLEIDINGCODE","STARTDATUM","OPHEFFINGSDATUM","HERKOMST_OPLEIDING","BEGINDATUM_PERIODE","EINDDATUM_PERIODE","AFKORTING","INTERNATIONALE_NAAM","NAAM","NAAM_LANG"
"va6983",2019-08-01,,"VORAAD",2019-08-01,,"vavo ath",,,"vavo atheneum"
"va8828",2019-08-01,,"VORAAD",2019-08-01,,"vavo gym",,,"vavo gymnasium"
"va3118",2019-08-01,,"VORAAD",2019-08-01,,"vavo vwo",,,"vavo vwo"
"va5919",2019-08-01,,"VORAAD",2019-08-01,,"vavo havo",,,"vavo havo"
"va6273",2019-08-01,,"VORAAD",2019-08-01,,"vavo tl-mavo",,,"vavo vmbo-tl/mavo"
"va6540",2019-08-01,,"VORAAD",2019-08-01,,"vavo",,,"voortgezet algemeen volwassenonderwijs"
